# rho[g/cm^3] , P[dyn/cm^2],  n_B[cm^{-3}] , mu [erg]
1.91870546964056E+016, 9.22061200544616E+036, 4.5E+039, 0.005881321
1.91216640914048E+016, 9.1845522961392E+036, 4.49E+039, 0.0058732988
1.90563627609714E+016, 9.14855646632483E+036, 4.48E+039, 0.005865273
1.89911507457005E+016, 9.11262452850903E+036, 4.47E+039, 0.0058572435
1.89260280864562E+016, 9.07675649527976E+036, 4.46E+039, 0.0058492103
1.88609948240619E+016, 9.04095237921509E+036, 4.45E+039, 0.0058411735
1.87960509996791E+016, 9.00521219299561E+036, 4.44E+039, 0.005833133
1.8731196654428E+016, 8.96953594929213E+036, 4.43E+039, 0.0058250887
1.86664318297599E+016, 8.93392366087577E+036, 4.42E+039, 0.0058170407
1.86017565671567E+016, 8.89837534052855E+036, 4.41E+039, 0.005808989
1.8537170908357E+016, 8.86289100111178E+036, 4.4E+039, 0.0058009336
1.84726748951922E+016, 8.82747065551577E+036, 4.39E+039, 0.0057928743
1.84082685695821E+016, 8.79211431666001E+036, 4.38E+039, 0.0057848113
1.83439519738732E+016, 8.75682199759231E+036, 4.37E+039, 0.0057767445
1.82797251501889E+016, 8.72159371129735E+036, 4.36E+039, 0.0057686739
1.82155881411235E+016, 8.68642947090113E+036, 4.35E+039, 0.0057605994
1.81515409893403E+016, 8.65132928955272E+036, 4.34E+039, 0.0057525211
1.80875837375657E+016, 8.61629318042265E+036, 4.33E+039, 0.005744439
1.8023716428809E+016, 8.58132115676767E+036, 4.32E+039, 0.0057363529
1.79599391061769E+016, 8.54641323187527E+036, 4.31E+039, 0.005728263
1.78962518129895E+016, 8.51156941909959E+036, 4.3E+039, 0.0057201692
1.78326545927345E+016, 8.47678973184622E+036, 4.29E+039, 0.0057120715
1.77691474890373E+016, 8.44207418356431E+036, 4.28E+039, 0.0057039699
1.77057305457164E+016, 8.40742278776311E+036, 4.27E+039, 0.0056958643
1.76424038067623E+016, 8.37283555800487E+036, 4.26E+039, 0.0056877547
1.75791673162265E+016, 8.33831250787303E+036, 4.25E+039, 0.0056796412
1.75160211185119E+016, 8.30385365105722E+036, 4.24E+039, 0.0056715237
1.74529652580997E+016, 8.26945900127353E+036, 4.23E+039, 0.0056634022
1.73899997796006E+016, 8.2351285722784E+036, 4.22E+039, 0.0056552766
1.73271247279357E+016, 8.20086237792362E+036, 4.21E+039, 0.005647147
1.72643401480582E+016, 8.16666043207252E+036, 4.2E+039, 0.0056390134
1.72016460851816E+016, 8.13252274866884E+036, 4.19E+039, 0.0056308757
1.71390425847083E+016, 8.09844934171449E+036, 4.18E+039, 0.0056227339
1.70765296921732E+016, 8.06444022525384E+036, 4.17E+039, 0.005614588
1.70141074532867E+016, 8.03049541338572E+036, 4.16E+039, 0.005606438
1.69517759139651E+016, 7.99661492027306E+036, 4.15E+039, 0.0055982838
1.68895351202982E+016, 7.96279876013295E+036, 4.14E+039, 0.0055901255
1.68273851186435E+016, 7.92904694726417E+036, 4.13E+039, 0.0055819631
1.67653259553958E+016, 7.89535949598025E+036, 4.12E+039, 0.0055737964
1.67033576772955E+016, 7.86173642069888E+036, 4.11E+039, 0.0055656255
1.66414803310676E+016, 7.82817773583739E+036, 4.1E+039, 0.0055574505
1.6579693963801E+016, 7.79468345592306E+036, 4.09E+039, 0.0055492712
1.65179986227136E+016, 7.76125359552432E+036, 4.08E+039, 0.0055410876
1.64563943552588E+016, 7.72788816928251E+036, 4.07E+039, 0.0055328998
1.63948812090018E+016, 7.69458719187517E+036, 4.06E+039, 0.0055247076
1.63334592317272E+016, 7.66135067804795E+036, 4.05E+039, 0.0055165112
1.62721284714652E+016, 7.62817864262194E+036, 4.04E+039, 0.0055083105
1.62108889764397E+016, 7.59507110047881E+036, 4.03E+039, 0.0055001054
1.61497407950277E+016, 7.56202806654893E+036, 4.02E+039, 0.0054918959
1.6088683975749E+016, 7.52904955580785E+036, 4.01E+039, 0.0054836821
1.6027718567486E+016, 7.49613558334183E+036, 4E+039, 0.0054754639
1.59668446192087E+016, 7.46328616426613E+036, 3.99E+039, 0.0054672412
1.59060621800656E+016, 7.43050131375209E+036, 3.98E+039, 0.0054590142
1.58453712995257E+016, 7.39778104706926E+036, 3.97E+039, 0.0054507826
1.57847720271318E+016, 7.36512537951219E+036, 3.96E+039, 0.0054425467
1.57242644127931E+016, 7.33253432648757E+036, 3.95E+039, 0.0054343062
1.56638485064276E+016, 7.3000079034077E+036, 3.94E+039, 0.0054260612
1.5603524358319E+016, 7.26754612579641E+036, 3.93E+039, 0.0054178117
1.55432920189091E+016, 7.23514900922814E+036, 3.92E+039, 0.0054095577
1.54831515388811E+016, 7.20281656935167E+036, 3.91E+039, 0.0054012991
1.54231029691259E+016, 7.17054882188132E+036, 3.9E+039, 0.0053930359
1.53631463606601E+016, 7.13834578257146E+036, 3.89E+039, 0.0053847681
1.53032817648135E+016, 7.10620746727339E+036, 3.88E+039, 0.0053764957
1.52435092331726E+016, 7.07413389191708E+036, 3.87E+039, 0.0053682186
1.51838288174E+016, 7.04212507245958E+036, 3.86E+039, 0.0053599369
1.5124240569532E+016, 7.01018102497119E+036, 3.85E+039, 0.0053516505
1.50647445417219E+016, 6.97830176556086E+036, 3.84E+039, 0.0053433594
1.50053407864127E+016, 6.94648731042724E+036, 3.83E+039, 0.0053350636
1.49460293562191E+016, 6.91473767582329E+036, 3.82E+039, 0.005326763
1.48868103039977E+016, 6.88305287807697E+036, 3.81E+039, 0.0053184577
1.48276836829079E+016, 6.85143293360979E+036, 3.8E+039, 0.0053101476
1.47686495462671E+016, 6.81987785889389E+036, 3.79E+039, 0.0053018327
1.47097079476391E+016, 6.78838767047817E+036, 3.78E+039, 0.005293513
1.46508589407901E+016, 6.75696238497527E+036, 3.77E+039, 0.0052851884
1.45921025798044E+016, 6.72560201909576E+036, 3.76E+039, 0.005276859
1.45334389189342E+016, 6.69430658960385E+036, 3.75E+039, 0.0052685246
1.44748680126686E+016, 6.66307611333762E+036, 3.74E+039, 0.0052601854
1.44163899158554E+016, 6.63191060724571E+036, 3.73E+039, 0.0052518412
1.43580046833768E+016, 6.60081008829036E+036, 3.72E+039, 0.0052434921
1.42997123705303E+016, 6.56977457356153E+036, 3.71E+039, 0.0052351379
1.42415130327899E+016, 6.53880408020459E+036, 3.7E+039, 0.0052267788
1.41834067259628E+016, 6.50789862546842E+036, 3.69E+039, 0.0052184147
1.41253935059592E+016, 6.47705822663588E+036, 3.68E+039, 0.0052100455
1.40674734290186E+016, 6.44628290109201E+036, 3.67E+039, 0.0052016713
1.40096465516435E+016, 6.41557266630377E+036, 3.66E+039, 0.005193292
1.39519129306531E+016, 6.3849275398355E+036, 3.65E+039, 0.0051849075
1.38942726229698E+016, 6.35434753928728E+036, 3.64E+039, 0.0051765179
1.38367256858872E+016, 6.32383268237278E+036, 3.63E+039, 0.0051681232
1.37792721769528E+016, 6.29338298688514E+036, 3.62E+039, 0.0051597233
1.37219121539134E+016, 6.26299847068143E+036, 3.61E+039, 0.0051513182
1.36646456748763E+016, 6.23267915172911E+036, 3.6E+039, 0.0051429078
1.36074727981255E+016, 6.20242504805315E+036, 3.59E+039, 0.0051344922
1.35503935822585E+016, 6.17223617777497E+036, 3.58E+039, 0.0051260713
1.34934080861511E+016, 6.14211255910381E+036, 3.57E+039, 0.0051176451
1.34365163689101E+016, 6.11205421032115E+036, 3.56E+039, 0.0051092136
1.33797184899739E+016, 6.08206114981132E+036, 3.55E+039, 0.0051007768
1.33230145090123E+016, 6.05213339603238E+036, 3.54E+039, 0.0050923345
1.32664044859901E+016, 6.02227096753385E+036, 3.53E+039, 0.0050838869
1.32098884811695E+016, 5.99247388295803E+036, 3.52E+039, 0.0050754338
1.31534665551067E+016, 5.96274216103918E+036, 3.51E+039, 0.0050669753
1.30971387685439E+016, 5.93307582057147E+036, 3.5E+039, 0.0050585113
1.30409051826513E+016, 5.90347488048046E+036, 3.49E+039, 0.0050500417
1.29847658587562E+016, 5.87393935974348E+036, 3.48E+039, 0.0050415667
1.2928720858611E+016, 5.84446927746823E+036, 3.47E+039, 0.0050330861
1.28727702441413E+016, 5.81506465281869E+036, 3.46E+039, 0.0050245999
1.28169140776651E+016, 5.78572550508026E+036, 3.45E+039, 0.0050161081
1.27611524217392E+016, 5.75645185361414E+036, 3.44E+039, 0.0050076107
1.27054853392178E+016, 5.72724371787443E+036, 3.43E+039, 0.0049991076
1.26499128933059E+016, 5.69810111742422E+036, 3.42E+039, 0.0049905988
1.25944351474791E+016, 5.66902407191227E+036, 3.41E+039, 0.0049820843
1.25390521655022E+016, 5.64001260107822E+036, 3.4E+039, 0.004973564
1.24837640115456E+016, 5.61106672478618E+036, 3.39E+039, 0.004965038
1.24285707499785E+016, 5.58218646296595E+036, 3.38E+039, 0.0049565062
1.23734724455157E+016, 5.55337183565388E+036, 3.37E+039, 0.0049479685
1.23184691632334E+016, 5.52462286299927E+036, 3.36E+039, 0.004939425
1.22635609685104E+016, 5.49593956524612E+036, 3.35E+039, 0.0049308755
1.22087479270225E+016, 5.46732196273247E+036, 3.34E+039, 0.0049223202
1.21540301047669E+016, 5.4387700758968E+036, 3.33E+039, 0.0049137589
1.2099407568145E+016, 5.41028392530274E+036, 3.32E+039, 0.0049051917
1.20448803837654E+016, 5.38186353158138E+036, 3.31E+039, 0.0048966184
1.19904486186821E+016, 5.35350891550109E+036, 3.3E+039, 0.0048880391
1.1936112340242E+016, 5.32522009792286E+036, 3.29E+039, 0.0048794537
1.18818716160929E+016, 5.2969970998027E+036, 3.28E+039, 0.0048708622
1.18277265142849E+016, 5.26883994222156E+036, 3.27E+039, 0.0048622646
1.17736771031825E+016, 5.2407486463596E+036, 3.26E+039, 0.0048536608
1.1719723451502E+016, 5.21272323350719E+036, 3.25E+039, 0.0048450509
1.16658656283322E+016, 5.18476372507053E+036, 3.24E+039, 0.0048364347
1.16121037030405E+016, 5.15687014254523E+036, 3.23E+039, 0.0048278123
1.15584377454771E+016, 5.1290425075756E+036, 3.22E+039, 0.0048191835
1.15048678257109E+016, 5.10128084187706E+036, 3.21E+039, 0.0048105485
1.14513940142401E+016, 5.07358516729851E+036, 3.2E+039, 0.0048019071
1.13980163819861E+016, 5.04595550582037E+036, 3.19E+039, 0.0047932593
1.13447350000735E+016, 5.01839187949005E+036, 3.18E+039, 0.0047846051
1.12915499401836E+016, 4.99089431052589E+036, 3.17E+039, 0.0047759445
1.12384612742514E+016, 4.96346282122797E+036, 3.16E+039, 0.0047672773
1.11854690746174E+016, 4.93609743402341E+036, 3.15E+039, 0.0047586037
1.11325734140259E+016, 4.90879817146508E+036, 3.14E+039, 0.0047499234
1.10797743656036E+016, 4.88156505622637E+036, 3.13E+039, 0.0047412366
1.10270720028193E+016, 4.85439811108848E+036, 3.12E+039, 0.0047325432
1.09744663995493E+016, 4.82729735896012E+036, 3.11E+039, 0.0047238431
1.09219576301109E+016, 4.80026282288783E+036, 3.1E+039, 0.0047151364
1.08695457691492E+016, 4.77329452602194E+036, 3.09E+039, 0.0047064229
1.08172308917445E+016, 4.74639249164883E+036, 3.08E+039, 0.0046977026
1.07650130734059E+016, 4.71955674318927E+036, 3.07E+039, 0.0046889755
1.07128923899414E+016, 4.69278730415971E+036, 3.06E+039, 0.0046802416
1.06608689177359E+016, 4.6660841982541E+036, 3.05E+039, 0.0046715008
1.0608942733457E+016, 4.63944744925853E+036, 3.04E+039, 0.0046627531
1.05571139142287E+016, 4.6128770811012E+036, 3.03E+039, 0.0046539984
1.05053825375974E+016, 4.58637311784264E+036, 3.02E+039, 0.0046452368
1.04537486815389E+016, 4.55993558367877E+036, 3.01E+039, 0.0046364681
1.04022124244626E+016, 4.53356450294091E+036, 3E+039, 0.0046276924
1.03507738451963E+016, 4.50725990009286E+036, 2.99E+039, 0.0046189096
1.02994330230055E+016, 4.48102179973524E+036, 2.98E+039, 0.0046101196
1.02481900376E+016, 4.4548502266084E+036, 2.97E+039, 0.0046013224
1.01970449691365E+016, 4.42874520559303E+036, 2.96E+039, 0.004592518
1.01459978981988E+016, 4.40270676170473E+036, 2.95E+039, 0.0045837063
1.00950489058439E+016, 4.37673492010665E+036, 2.94E+039, 0.0045748874
1.0044198073594E+016, 4.35082970610886E+036, 2.93E+039, 0.0045660611
9.99344548341174E+015, 4.3249911451594E+036, 2.92E+039, 0.0045572274
9.94279121772553E+015, 4.29921926285336E+036, 2.91E+039, 0.0045483862
9.89223535943923E+015, 4.27351408493501E+036, 2.9E+039, 0.0045395376
9.84177799192521E+015, 4.24787563729553E+036, 2.89E+039, 0.0045306815
9.79141919900968E+015, 4.22230394596983E+036, 2.88E+039, 0.0045218179
9.74115906506449E+015, 4.19679903716279E+036, 2.87E+039, 0.0045129466
9.69099767488967E+015, 4.17136093721533E+036, 2.86E+039, 0.0045040677
9.64093511378168E+015, 4.1459896726241E+036, 2.85E+039, 0.0044951811
9.59097146755288E+015, 4.1206852700479E+036, 2.84E+039, 0.0044862867
9.54110682252544E+015, 4.09544775630539E+036, 2.83E+039, 0.0044773846
9.4913412654545E+015, 4.07027715835323E+036, 2.82E+039, 0.0044684746
9.44167488370451E+015, 4.04517350333741E+036, 2.81E+039, 0.0044595568
9.39210776507306E+015, 4.02013681854189E+036, 2.8E+039, 0.0044506311
9.34263999791927E+015, 3.99516713142688E+036, 2.79E+039, 0.0044416974
9.29327167113987E+015, 3.9702644696208E+036, 2.78E+039, 0.0044327557
9.24400287407885E+015, 3.94542886089514E+036, 2.77E+039, 0.0044238059
9.19483369672815E+015, 3.92066033322265E+036, 2.76E+039, 0.004414848
9.14576422951788E+015, 3.89595891471609E+036, 2.75E+039, 0.004405882
9.09679456347566E+015, 3.87132463367535E+036, 2.74E+039, 0.0043969077
9.04792479015962E+015, 3.84675751856793E+036, 2.73E+039, 0.0043879253
8.99915500170826E+015, 3.82225759804299E+036, 2.72E+039, 0.0043789345
8.95048529078296E+015, 3.79782490091585E+036, 2.71E+039, 0.0043699353
8.90191575064203E+015, 3.77345945618833E+036, 2.7E+039, 0.0043609277
8.85344647506487E+015, 3.74916129302822E+036, 2.69E+039, 0.0043519117
8.80507755850341E+015, 3.72493044081258E+036, 2.68E+039, 0.0043428872
8.75680909587522E+015, 3.70076692906807E+036, 2.67E+039, 0.0043338541
8.7086411827729E+015, 3.67667078753208E+036, 2.66E+039, 0.0043248124
8.66057391534328E+015, 3.65264204611709E+036, 2.65E+039, 0.004315762
8.61260739033835E+015, 3.62868073492674E+036, 2.64E+039, 0.0043067029
8.56474170512564E+015, 3.60478688425819E+036, 2.63E+039, 0.004297635
8.51697695766413E+015, 3.58096052459544E+036, 2.62E+039, 0.0042885583
8.46931324656165E+015, 3.55720168662627E+036, 2.61E+039, 0.0042794727
8.42175067101964E+015, 3.53351040122687E+036, 2.6E+039, 0.0042703782
8.37428933089373E+015, 3.50988669947821E+036, 2.59E+039, 0.0042612746
8.32692932666525E+015, 3.48633061265975E+036, 2.58E+039, 0.004252162
8.27967075945296E+015, 3.46284217225171E+036, 2.57E+039, 0.0042430403
8.23251373102718E+015, 3.43942140993955E+036, 2.56E+039, 0.0042339094
8.18545834384537E+015, 3.41606835762535E+036, 2.55E+039, 0.0042247693
8.13850470098837E+015, 3.39278304740841E+036, 2.54E+039, 0.0042156198
8.091652906218E+015, 3.36956551160256E+036, 2.53E+039, 0.004206461
8.0449030639882E+015, 3.34641578274001E+036, 2.52E+039, 0.0041972928
7.99825527942855E+015, 3.32333389356622E+036, 2.51E+039, 0.0041881151
7.9517096583743E+015, 3.30031987704919E+036, 2.5E+039, 0.0041789279
7.90526630732868E+015, 3.2773737663681E+036, 2.49E+039, 0.004169731
7.85892533352022E+015, 3.25449559493122E+036, 2.48E+039, 0.0041605245
7.81268684489352E+015, 3.23168539637258E+036, 2.47E+039, 0.0041513083
7.76655095013205E+015, 3.208943204559E+036, 2.46E+039, 0.0041420822
7.72051775860201E+015, 3.18626905357425E+036, 2.45E+039, 0.0041328463
7.67458738046375E+015, 3.16366297775138E+036, 2.44E+039, 0.0041236005
7.62875992658652E+015, 3.14112501164823E+036, 2.43E+039, 0.0041143446
7.58303550858969E+015, 3.11865519005993E+036, 2.42E+039, 0.0041050787
7.53741423887626E+015, 3.09625354802849E+036, 2.41E+039, 0.0040958027
7.491896230625E+015, 3.07392012084092E+036, 2.4E+039, 0.0040865164
7.44648159773001E+015, 3.05165494401172E+036, 2.39E+039, 0.0040772199
7.4011704549881E+015, 3.02945805333801E+036, 2.38E+039, 0.004067913
7.35596291788683E+015, 3.00732948483786E+036, 2.37E+039, 0.0040585957
7.31085910276316E+015, 2.98526927479674E+036, 2.36E+039, 0.0040492679
7.26585912677365E+015, 2.96327745975903E+036, 2.35E+039, 0.0040399296
7.22096310787972E+015, 2.94135407652403E+036, 2.34E+039, 0.0040305806
7.17617116488505E+015, 2.91949916215714E+036, 2.33E+039, 0.0040212209
7.1314834174386E+015, 2.89771275399133E+036, 2.32E+039, 0.0040118504
7.08689998602306E+015, 2.87599488962346E+036, 2.31E+039, 0.004002469
7.04242099202273E+015, 2.85434560693446E+036, 2.3E+039, 0.0039930767
6.9980465576633E+015, 2.83276494407263E+036, 2.29E+039, 0.0039836734
6.95377680601503E+015, 2.81125293945387E+036, 2.28E+039, 0.0039742589
6.90961186112324E+015, 2.78980963180135E+036, 2.27E+039, 0.0039648333
6.86555184788321E+015, 2.76843506010776E+036, 2.26E+039, 0.0039553964
6.82159689210947E+015, 2.74712926365719E+036, 2.25E+039, 0.0039459481
6.77774712053724E+015, 2.72589228202487E+036, 2.24E+039, 0.0039364884
6.73400266084583E+015, 2.70472415508498E+036, 2.23E+039, 0.0039270172
6.69036364164893E+015, 2.68362492300764E+036, 2.22E+039, 0.0039175344
6.64683019254156E+015, 2.66259462627329E+036, 2.21E+039, 0.0039080399
6.60340244406724E+015, 2.64163330566343E+036, 2.2E+039, 0.0038985337
6.56008052773726E+015, 2.62074100226591E+036, 2.19E+039, 0.0038890155
6.516864576082E+015, 2.59991775749155E+036, 2.18E+039, 0.0038794854
6.47375472259585E+015, 2.57916361305689E+036, 2.17E+039, 0.0038699433
6.43075110185486E+015, 2.55847861102005E+036, 2.16E+039, 0.003860389
6.38785384939537E+015, 2.53786279374484E+036, 2.15E+039, 0.0038508225
6.34506310182309E+015, 2.51731620393408E+036, 2.14E+039, 0.0038412437
6.30237899680236E+015, 2.49683888462514E+036, 2.13E+039, 0.0038316524
6.25980167306908E+015, 2.4764308791957E+036, 2.12E+039, 0.0038220486
6.21733127042526E+015, 2.45609223136179E+036, 2.11E+039, 0.0038124323
6.17496792975156E+015, 2.43582298518154E+036, 2.1E+039, 0.0038028032
6.1327117930843E+015, 2.41562318507916E+036, 2.09E+039, 0.0037931612
6.09056300353735E+015, 2.39549287582091E+036, 2.08E+039, 0.0037835064
6.04852170538717E+015, 2.37543210254223E+036, 2.07E+039, 0.0037738386
6.0065880440263E+015, 2.35544091073292E+036, 2.06E+039, 0.0037641576
5.96476216605655E+015, 2.33551934626588E+036, 2.05E+039, 0.0037544634
5.92304421922954E+015, 2.31566745537932E+036, 2.04E+039, 0.0037447559
5.88143435251969E+015, 2.29588528469947E+036, 2.03E+039, 0.0037350349
5.83993271605138E+015, 2.27617288121884E+036, 2.02E+039, 0.0037253004
5.79853946125988E+015, 2.25653029234441E+036, 2.01E+039, 0.0037155522
5.75725474075948E+015, 2.2369575658592E+036, 2E+039, 0.0037057902
5.71607870845572E+015, 2.21745474995526E+036, 1.99E+039, 0.0036960144
5.67501151952677E+015, 2.19802189322966E+036, 1.98E+039, 0.0036862245
5.63405333042656E+015, 2.17865904468485E+036, 1.97E+039, 0.0036764205
5.59320429892758E+015, 2.15936625374222E+036, 1.96E+039, 0.0036666023
5.552464584158E+015, 2.14014357025352E+036, 1.95E+039, 0.0036567697
5.51183434654741E+015, 2.12099104448498E+036, 1.94E+039, 0.0036469227
5.47131374790104E+015, 2.10190872714055E+036, 1.93E+039, 0.003637061
5.4309029514457E+015, 2.0828966693747E+036, 1.92E+039, 0.0036271846
5.39060212178151E+015, 2.06395492277978E+036, 1.91E+039, 0.0036172933
5.3504114249038E+015, 2.04508353939227E+036, 1.9E+039, 0.0036073871
5.31033102829369E+015, 2.02628257172081E+036, 1.89E+039, 0.0035974657
5.27036110087491E+015, 2.0075520727329E+036, 1.88E+039, 0.0035875291
5.23050181305895E+015, 1.9888920958698E+036, 1.87E+039, 0.0035775771
5.19075333675697E+015, 1.97030269505006E+036, 1.86E+039, 0.0035676096
5.15111584539478E+015, 1.95178392467467E+036, 1.85E+039, 0.0035576264
5.11158951395989E+015, 1.93333583964157E+036, 1.84E+039, 0.0035476275
5.07217451901814E+015, 1.91495849535101E+036, 1.83E+039, 0.0035376126
5.03287103868954E+015, 1.89665194769913E+036, 1.82E+039, 0.0035275816
4.99367925274838E+015, 1.87841625310819E+036, 1.81E+039, 0.0035175343
4.95459934255559E+015, 1.86025146850707E+036, 1.8E+039, 0.0035074707
4.91563149122347E+015, 1.84215765138078E+036, 1.79E+039, 0.0034973906
4.87677588343426E+015, 1.82413485971756E+036, 1.78E+039, 0.0034872938
4.8380327056868E+015, 1.80618315208164E+036, 1.77E+039, 0.0034771802
4.79940214614824E+015, 1.78830258757157E+036, 1.76E+039, 0.0034670495
4.76088439478757E+015, 1.77049322585917E+036, 1.75E+039, 0.0034569017
4.72247964334314E+015, 1.75275512718084E+036, 1.74E+039, 0.0034467366
4.68418808537314E+015, 1.73508835235412E+036, 1.73E+039, 0.003436554
4.64600991626309E+015, 1.71749296277926E+036, 1.72E+039, 0.0034263538
4.60794533333526E+015, 1.69996902047332E+036, 1.71E+039, 0.0034161357
4.56999453573227E+015, 1.68251658803643E+036, 1.7E+039, 0.0034058997
4.53215772459486E+015, 1.66513572870475E+036, 1.69E+039, 0.0033956455
4.49443510298428E+015, 1.64782650632858E+036, 1.68E+039, 0.003385373
4.45682687595828E+015, 1.63058898539603E+036, 1.67E+039, 0.0033750819
4.4193332506251E+015, 1.61342323104907E+036, 1.66E+039, 0.0033647721
4.38195443612905E+015, 1.59632930908095E+036, 1.65E+039, 0.0033544435
4.3446906436838E+015, 1.57930728594614E+036, 1.64E+039, 0.0033440957
4.30754208666138E+015, 1.56235722878869E+036, 1.63E+039, 0.0033337287
4.27050898061353E+015, 1.54547920544798E+036, 1.62E+039, 0.0033233422
4.23359154319742E+015, 1.52867328443937E+036, 1.61E+039, 0.0033129361
4.1967899943772E+015, 1.51193953501344E+036, 1.6E+039, 0.00330251
4.1601045563497E+015, 1.495278027136E+036, 1.59E+039, 0.0032920639
4.12353545360859E+015, 1.47868883150761E+036, 1.58E+039, 0.0032815976
4.08708291303389E+015, 1.46217201959081E+036, 1.57E+039, 0.0032711107
4.05074716382489E+015, 1.44572766359255E+036, 1.56E+039, 0.0032606031
4.0145284376373E+015, 1.42935583650464E+036, 1.55E+039, 0.0032500746
3.97842696858017E+015, 1.41305661210464E+036, 1.54E+039, 0.0032395249
3.94244299328346E+015, 1.39683006497677E+036, 1.53E+039, 0.0032289539
3.90657675088327E+015, 1.38067627050926E+036, 1.52E+039, 0.0032183612
3.87082848317634E+015, 1.36459530494073E+036, 1.51E+039, 0.0032077467
3.8351984345078E+015, 1.34858724532824E+036, 1.5E+039, 0.0031971101
3.79968685198789E+015, 1.33265216961338E+036, 1.49E+039, 0.0031864512
3.76429398541427E+015, 1.31679015660005E+036, 1.48E+039, 0.0031757697
3.72902008737699E+015, 1.30100128598678E+036, 1.47E+039, 0.0031650653
3.69386541328329E+015, 1.2852856383764E+036, 1.46E+039, 0.0031543379
3.6588302214517E+015, 1.26964329530419E+036, 1.45E+039, 0.0031435871
3.6239147730985E+015, 1.2540743392363E+036, 1.44E+039, 0.0031328128
3.58911933245948E+015, 1.2385788536066E+036, 1.43E+039, 0.0031220145
3.55444416677904E+015, 1.22315692281585E+036, 1.42E+039, 0.0031111921
3.51988954643964E+015, 1.20780863227068E+036, 1.41E+039, 0.0031003452
3.48545574494001E+015, 1.19253406838005E+036, 1.4E+039, 0.0030894736
3.45114303902373E+015, 1.17733331859351E+036, 1.39E+039, 0.003078577
3.41695170871874E+015, 1.16220647141597E+036, 1.38E+039, 0.0030676551
3.38288203735629E+015, 1.1471536164146E+036, 1.37E+039, 0.0030567076
3.34893431170441E+015, 1.13217484426014E+036, 1.36E+039, 0.0030457341
3.31510882199986E+015, 1.11727024673842E+036, 1.35E+039, 0.0030347344
3.28140586199337E+015, 1.10243991676614E+036, 1.34E+039, 0.0030237081
3.24782572908584E+015, 1.08768394843211E+036, 1.33E+039, 0.0030126549
3.21436872431161E+015, 1.0730024369957E+036, 1.32E+039, 0.0030015745
3.1810351524894E+015, 1.05839547893314E+036, 1.31E+039, 0.0029904665
3.14782532226086E+015, 1.04386317195066E+036, 1.3E+039, 0.0029793306
3.11473954616913E+015, 1.02940561501121E+036, 1.29E+039, 0.0029681665
3.0817781407425E+015, 1.01502290836047E+036, 1.28E+039, 0.0029569737
3.04894142659934E+015, 1.0007151535611E+036, 1.27E+039, 0.0029457519
3.01622972847418E+015, 9.86482453502999E+035, 1.26E+039, 0.0029345007
2.98364337536869E+015, 9.72324912449782E+035, 1.25E+039, 0.0029232198
2.95118270061401E+015, 9.58242636061035E+035, 1.24E+039, 0.0029119087
2.91884804195763E+015, 9.44235731420039E+035, 1.23E+039, 0.0029005671
2.88663974166035E+015, 9.30304307065817E+035, 1.22E+039, 0.0028891945
2.85455814659053E+015, 9.16448473023887E+035, 1.21E+039, 0.0028777905
2.82260360835696E+015, 9.02668340848087E+035, 1.2E+039, 0.0028663547
2.79077648335765E+015, 8.88964023639159E+035, 1.19E+039, 0.0028548866
2.75907713294634E+015, 8.75335636096653E+035, 1.18E+039, 0.0028433858
2.72750592348653E+015, 8.61783294538642E+035, 1.17E+039, 0.0028318519
2.69606322649547E+015, 8.483071169477E+035, 1.16E+039, 0.0028202843
2.66474941877789E+015, 8.34907223013521E+035, 1.15E+039, 0.0028086827
2.63356488248394E+015, 8.21583734155509E+035, 1.14E+039, 0.0027970464
2.60251000531395E+015, 8.08336773585264E+035, 1.13E+039, 0.0027853751
2.57158518059285E+015, 7.95166466333659E+035, 1.12E+039, 0.0027736681
2.54079080741392E+015, 7.82072939297942E+035, 1.11E+039, 0.002761925
2.51012729079542E+015, 7.69056321291246E+035, 1.1E+039, 0.0027501452
2.47959504179134E+015, 7.56116743080718E+035, 1.09E+039, 0.0027383282
2.44919447765835E+015, 7.43254337441516E+035, 1.08E+039, 0.0027264734
2.4189260219907E+015, 7.30469239201183E+035, 1.07E+039, 0.0027145803
2.38879010491041E+015, 7.1776158530086E+035, 1.06E+039, 0.0027026482
2.35878716319936E+015, 7.05131514839976E+035, 1.05E+039, 0.0026906765
2.32891764045584E+015, 6.92579169127525E+035, 1.04E+039, 0.0026786647
2.29918198731073E+015, 6.80104691751919E+035, 1.03E+039, 0.002666612
2.26958066156851E+015, 6.67708228628411E+035, 1.02E+039, 0.0026545179
2.24011412840998E+015, 6.55389928064786E+035, 1.01E+039, 0.0026423816
2.21078286057881E+015, 6.43149940823204E+035, 1E+039, 0.0026302025
2.18158733855795E+015, 6.30988420179001E+035, 9.9E+038, 0.0026179798
2.15252805086542E+015, 6.18905522013935E+035, 9.8E+038, 0.0026057129
2.12360549412837E+015, 6.06901404846785E+035, 9.7E+038, 0.0025934009
2.09482017343121E+015, 5.94976229941986E+035, 9.6E+038, 0.0025810432
2.06617260248274E+015, 5.83130161367779E+035, 9.5E+038, 0.0025686389
2.03766330385904E+015, 5.71363366076007E+035, 9.4E+038, 0.0025561872
2.00929280928201E+015, 5.5967601399151E+035, 9.3E+038, 0.0025436873
1.98106165982548E+015, 5.48068278083587E+035, 9.2E+038, 0.0025311384
1.95297040624978E+015, 5.3654033447222E+035, 9.1E+038, 0.0025185395
1.92501960922596E+015, 5.25092362505134E+035, 9E+038, 0.0025058897
1.89720983966385E+015, 5.13724544863548E+035, 8.9E+038, 0.0024931882
1.86954167898028E+015, 5.02437067652371E+035, 8.8E+038, 0.002480434
1.84201571943673E+015, 4.91230120510435E+035, 8.7E+038, 0.002467626
1.81463256447657E+015, 4.80103896721525E+035, 8.6E+038, 0.0024547632
1.78739282903918E+015, 4.69058593318683E+035, 8.5E+038, 0.0024418447
1.76029713992016E+015, 4.58094411203566E+035, 8.4E+038, 0.0024288693
1.73334613617585E+015, 4.47211555277988E+035, 8.3E+038, 0.0024158359
1.70654046948212E+015, 4.36410234563763E+035, 8.2E+038, 0.0024027433
1.67988080451909E+015, 4.25690662330715E+035, 8.1E+038, 0.0023895904
1.65336781946664E+015, 4.15053056257223E+035, 8E+038, 0.0023763759
1.62700220635597E+015, 4.04497638550376E+035, 7.9E+038, 0.0023630986
1.60078467160594E+015, 3.94024636119818E+035, 7.8E+038, 0.0023497571
1.57471593646555E+015, 3.83634280726262E+035, 7.7E+038, 0.0023363501
1.54879673753833E+015, 3.7332680915389E+035, 7.6E+038, 0.0023228762
1.52302782730894E+015, 3.63102463384505E+035, 7.5E+038, 0.002309334
1.49740997470093E+015, 3.52961490782747E+035, 7.4E+038, 0.0022957219
1.47194396566409E+015, 3.42904144289955E+035, 7.3E+038, 0.0022820383
1.44663060376645E+015, 3.32930682621071E+035, 7.2E+038, 0.0022682817
1.42147071087862E+015, 3.23041370489593E+035, 7.1E+038, 0.0022544504
1.39646512780888E+015, 3.13236478820017E+035, 7E+038, 0.0022405427
1.37161471504265E+015, 3.03516284991209E+035, 6.9E+038, 0.0022265567
1.34692035348507E+015, 2.93881073083466E+035, 6.8E+038, 0.0022124906
1.32238294523516E+015, 2.84331134135337E+035, 6.7E+038, 0.0021983425
1.29800341443991E+015, 2.74866766426253E+035, 6.6E+038, 0.0021841102
1.27378270816803E+015, 2.6548827576636E+035, 6.5E+038, 0.0021697918
1.24972179731465E+015, 2.56195975797404E+035, 6.4E+038, 0.002155385
1.2258216776015E+015, 2.46990188324547E+035, 6.3E+038, 0.0021408876
1.20208337061099E+015, 2.3787124365859E+035, 6.2E+038, 0.0021262972
1.17850792487197E+015, 2.28839480978062E+035, 6.1E+038, 0.0021116113
1.15509641702251E+015, 2.19895248714551E+035, 6E+038, 0.0020968273
1.13184995304201E+015, 2.11038904961733E+035, 5.9E+038, 0.0020819425
1.10876966956797E+015, 2.02270817913088E+035, 5.8E+038, 0.0020669542
1.08585673526005E+015, 1.935913663158E+035, 5.7E+038, 0.0020518594
1.06311235229152E+015, 1.85000939965347E+035, 5.6E+038, 0.0020366549
1.04053775792027E+015, 1.76499940228611E+035, 5.5E+038, 0.0020213376
1.01813422615902E+015, 1.68088780598074E+035, 5.4E+038, 0.0020059041
995903069560836, 1.59767887286384E+035, 5.3E+038, 0.0019903509
973845641134065, 1.51537699862577E+035, 5.2E+038, 0.0019746741
951963336371308, 1.4339867192644E+035, 5.1E+038, 0.00195887
930257595448208, 1.3535127184006E+035, 5E+038, 0.0019429343
908729905558443, 1.27395983503759E+035, 4.9E+038, 0.0019268628
887381803444445, 1.19533307197399E+035, 4.8E+038, 0.0019106509
866214878081245, 1.11763760473114E+035, 4.7E+038, 0.0018942937
845230773615220, 1.04087879131198E+035, 4.6E+038, 0.0018777862
824431192497141, 9.65062182621572E+034, 4.5E+038, 0.0018611229
803817898880834, 8.90193533752885E+034, 4.4E+038, 0.0018442982
783392722299905, 8.16278816198555E+034, 4.3E+038, 0.001827306
763157561657327, 7.43324231102509E+034, 4.2E+038, 0.0018101399
743114389547636, 6.71336223599448E+034, 4.1E+038, 0.001792793
723265256973448, 6.0032149846171E+034, 4E+038, 0.0017752581
703612298484074, 5.30287037136826E+034, 3.9E+038, 0.0017575275
684157737781186, 4.61240116316752E+034, 3.8E+038, 0.0017395928
664903893869578, 3.93188328299942E+034, 3.7E+038, 0.0017214452
645853187813479, 3.26139603333712E+034, 3.6E+038, 0.0017030752
627008150151697, 2.60102234122741E+034, 3.5E+038, 0.0016844726
608371429093356, 1.95084902862613E+034, 3.4E+038, 0.0016656264
589945799586378, 1.31096711138049E+034, 3.3E+038, 0.0016465248
571734173374941, 6.81472130014524E+033, 3.2E+038, 0.0016271551
553739610191538, 6.24645175249897E+032, 3.1E+038, 0.0016075033
535965330266365, -5.45949990765703E+033, 3E+038, 0.0015875545
518414728324616, -1.14365989917903E+034, 2.9E+038, 0.0015672923
501091389351913, -1.73054743763778E+034, 2.8E+038, 0.0015466988
483999106385282, -2.30648798287954E+034, 2.7E+038, 0.0015257545
467141900684207, -2.87134940467218E+034, 2.6E+038, 0.0015044378
450524044726183, -3.42499132341299E+034, 2.5E+038, 0.0014827251
434150088518560, -3.96726426430721E+034, 2.4E+038, 0.0014605901
418024889884456, -4.49800868883587E+034, 2.3E+038, 0.0014380037
402153649523121, -5.01705388023317E+034, 2.2E+038, 0.0014149333
386541951841192, -5.52421665431053E+034, 2.1E+038, 0.0013913424
371195812844904, -6.01929985951425E+034, 2E+038, 0.0013671897
356121736720560, -6.50209062141982E+034, 1.9E+038, 0.0013424287
341326783221319, -6.97235827492986E+034, 1.8E+038, 0.0013170059
326818648687626, -7.42985191086002E+034, 1.7E+038, 0.0012908601
312605764400684, -7.87429744429097E+034, 1.6E+038, 0.0012639201
298697417359252, -8.30539408317739E+034, 1.5E+038, 0.0012361028
285103900465524, -8.72281003954364E+034, 1.4E+038, 0.00120731
271836701993380, -9.12617727636094E+034, 1.3E+038, 0.0011774243
258908748570375, -9.51508501940221E+034, 1.2E+038, 0.0011463036
246334722818873, -9.88907168257295E+034, 1.1E+038, 0.001113773
234131487958867, -1.02476147678015E+035, 1E+038, 0.0010796133
