# densidade, pressao, nb, mu
2.97414525743031E+016, 1.87389525858643E+037, 4.04999999999862E+040, 0.0004626902
2.96291265173416E+016, 1.86607072735573E+037, 4.04100000000638E+040, 0.0004617844
2.95169941519392E+016, 1.85826196907958E+037, 4.03200000000117E+040, 0.0004608785
2.94050555187905E+016, 1.85046898501153E+037, 4.02300000000195E+040, 0.0004599724
2.92933106586334E+016, 1.84269177640663E+037, 4.01400000000197E+040, 0.0004590662
2.91817596123575E+016, 1.83493034452466E+037, 4.00499999999461E+040, 0.0004581599
2.90704024211535E+016, 1.82718469063454E+037, 3.99600000000888E+040, 0.0004572534
2.89592391260344E+016, 1.81945481600018E+037, 3.98699999999439E+040, 0.0004563468
2.88482697685681E+016, 1.81174072190212E+037, 3.977999999997E+040, 0.0004554401
2.87374943901939E+016, 1.80404240961734E+037, 3.96899999999437E+040, 0.0004545332
2.86269130326409E+016, 1.79635988043165E+037, 3.95999999999635E+040, 0.0004536262
2.85165257377544E+016, 1.78869313563452E+037, 3.95100000000304E+040, 0.0004527191
2.84063325474381E+016, 1.78104217651742E+037, 3.94199999999048E+040, 0.0004518118
2.82963335040101E+016, 1.77340700438429E+037, 3.93299999999632E+040, 0.0004509044
2.8186528649687E+016, 1.76578762053632E+037, 3.92399999999523E+040, 0.0004499968
2.80769180269787E+016, 1.75818402628366E+037, 3.91499999999388E+040, 0.0004490892
2.79675016785662E+016, 1.75059622294174E+037, 3.9060000000011E+040, 0.0004481813
2.78582796471927E+016, 1.74302421182808E+037, 3.89700000000152E+040, 0.0004472733
2.774925197587E+016, 1.73546799426843E+037, 3.88800000000508E+040, 0.0004463652
2.76404187077032E+016, 1.72792757159153E+037, 3.87900000000436E+040, 0.000445457
2.75317798859856E+016, 1.72040294513196E+037, 3.8699999999975E+040, 0.0004445486
2.74233355542545E+016, 1.71289411623176E+037, 3.86100000000122E+040, 0.00044364
2.731508575607E+016, 1.70540108623394E+037, 3.85199999999717E+040, 0.0004427313
2.72070305352878E+016, 1.69792385649048E+037, 3.84299999999772E+040, 0.0004418225
2.70991699358957E+016, 1.69046242835754E+037, 3.83400000000606E+040, 0.0004409135
2.69915040019478E+016, 1.68301680319355E+037, 3.82499999999989E+040, 0.0004400044
2.68840327778634E+016, 1.67558698236797E+037, 3.81600000000398E+040, 0.0004390951
2.67767563080624E+016, 1.66817296725057E+037, 3.80700000000108E+040, 0.0004381857
2.66696746372369E+016, 1.66077475921942E+037, 3.79799999999769E+040, 0.0004372761
2.65627878102759E+016, 1.65339235965873E+037, 3.78900000000581E+040, 0.0004363664
2.64560958720761E+016, 1.64602576995319E+037, 3.77999999999604E+040, 0.0004354566
2.63495988679669E+016, 1.63867499150057E+037, 3.77100000000147E+040, 0.0004345465
2.62432968432255E+016, 1.63134002569738E+037, 3.76199999999863E+040, 0.0004336364
2.61371898434392E+016, 1.6240208739496E+037, 3.75299999999608E+040, 0.0004327261
2.60312779143815E+016, 1.61671753766899E+037, 3.74400000000356E+040, 0.0004318156
2.59255611019022E+016, 1.60943001826985E+037, 3.73500000000492E+040, 0.000430905
2.58200394520876E+016, 1.60215831717381E+037, 3.72599999999711E+040, 0.0004299942
2.57147130112837E+016, 1.5949024358104E+037, 3.71699999999551E+040, 0.0004290832
2.56095818259548E+016, 1.58766237561301E+037, 3.70799999999896E+040, 0.0004281722
2.55046459427437E+016, 1.58043813802057E+037, 3.69900000000435E+040, 0.0004272609
2.53999054084588E+016, 1.57322972447724E+037, 3.69000000000299E+040, 0.0004263495
2.52953602701498E+016, 1.56603713643459E+037, 3.680999999999E+040, 0.000425438
2.51910105750748E+016, 1.55886037535066E+037, 3.67200000000098E+040, 0.0004245262
2.5086856370637E+016, 1.5516994426881E+037, 3.66300000000599E+040, 0.0004236144
2.49828977043897E+016, 1.54455433991433E+037, 3.65400000000061E+040, 0.0004227023
2.48791346241931E+016, 1.53742506850611E+037, 3.64499999999913E+040, 0.0004217901
2.47755671780551E+016, 1.53031162994492E+037, 3.63600000000416E+040, 0.0004208778
2.46721954140884E+016, 1.52321402571565E+037, 3.6269999999955E+040, 0.0004199653
2.45690193807809E+016, 1.51613225731457E+037, 3.61799999999678E+040, 0.0004190526
2.4466039126666E+016, 1.50906632623968E+037, 3.60899999999362E+040, 0.0004181397
2.43632547005853E+016, 1.50201623399838E+037, 3.59999999999824E+040, 0.0004172267
2.42606661515041E+016, 1.49498198210206E+037, 3.59100000000343E+040, 0.0004163136
2.41582735285596E+016, 1.48796357206752E+037, 3.58199999999418E+040, 0.0004154002
2.40560768812826E+016, 1.48096100542354E+037, 3.57300000000243E+040, 0.0004144867
2.39540762591544E+016, 1.47397428369778E+037, 3.56399999999659E+040, 0.000413573
2.38522717121186E+016, 1.46700340843188E+037, 3.55500000000848E+040, 0.0004126592
2.37506632900499E+016, 1.46004838116583E+037, 3.54600000000074E+040, 0.0004117452
2.36492510432894E+016, 1.45310920345369E+037, 3.53699999999985E+040, 0.000410831
2.35480350222377E+016, 1.44618587685169E+037, 3.52799999999439E+040, 0.0004099166
2.34470152776014E+016, 1.43927840292541E+037, 3.51899999999607E+040, 0.0004090021
2.33461918602601E+016, 1.43238678324592E+037, 3.5100000000063E+040, 0.0004080874
2.32455648211963E+016, 1.4255110193877E+037, 3.50099999999818E+040, 0.0004071725
2.31451342118036E+016, 1.41865111293771E+037, 3.49199999999319E+040, 0.0004062575
2.30449000836576E+016, 1.41180706548867E+037, 3.48300000000373E+040, 0.0004053423
2.29448624883722E+016, 1.4049788786348E+037, 3.47399999999641E+040, 0.0004044269
2.28450214780392E+016, 1.3981665539848E+037, 3.46500000000207E+040, 0.0004035113
2.27453771047861E+016, 1.39137009314882E+037, 3.45600000000443E+040, 0.0004025955
2.26459294210175E+016, 1.38458949774556E+037, 3.44700000000028E+040, 0.0004016796
2.25466784794293E+016, 1.3778247694027E+037, 3.43800000000271E+040, 0.0004007635
2.24476243328497E+016, 1.37107590975223E+037, 3.42900000000061E+040, 0.0003998472
2.23487670344063E+016, 1.36434292043536E+037, 3.42000000000052E+040, 0.0003989307
2.22501066374255E+016, 1.35762580309956E+037, 3.41100000000068E+040, 0.000398014
2.21516431954412E+016, 1.35092455939885E+037, 3.40199999999295E+040, 0.0003970972
2.20533767623492E+016, 1.34423919099829E+037, 3.39300000000137E+040, 0.0003961801
2.19553073920875E+016, 1.33756969956464E+037, 3.38400000000087E+040, 0.0003952629
2.18574351389642E+016, 1.33091608677597E+037, 3.37499999999987E+040, 0.0003943455
2.17597600574854E+016, 1.3242783543166E+037, 3.36599999999619E+040, 0.0003934279
2.1662282202489E+016, 1.31765650388106E+037, 3.3570000000107E+040, 0.0003925101
2.15650016288241E+016, 1.31105053716466E+037, 3.34800000000534E+040, 0.0003915922
2.1467918391825E+016, 1.30446045587743E+037, 3.33900000000318E+040, 0.000390674
2.13710325469625E+016, 1.29788626173384E+037, 3.32999999999927E+040, 0.0003897556
2.12743441500073E+016, 1.29132795645768E+037, 3.3210000000019E+040, 0.0003888371
2.11778532569386E+016, 1.2847855417793E+037, 3.31200000000871E+040, 0.0003879183
2.10815599239274E+016, 1.27825901943517E+037, 3.30300000000204E+040, 0.0003869994
2.09854642075134E+016, 1.27174839117305E+037, 3.29399999999357E+040, 0.0003860803
2.08895661645216E+016, 1.26525365874961E+037, 3.28500000000266E+040, 0.0003851609
2.07938658518689E+016, 1.25877482392464E+037, 3.27600000000629E+040, 0.0003842414
2.06983633267993E+016, 1.25231188846807E+037, 3.26699999999886E+040, 0.0003833217
2.06030586469328E+016, 1.24586485416137E+037, 3.25800000000418E+040, 0.0003824017
2.05079518699868E+016, 1.23943372278933E+037, 3.24900000000354E+040, 0.0003814816
2.04130430540443E+016, 1.23301849614803E+037, 3.24000000000418E+040, 0.0003805613
2.03183322573937E+016, 1.22661917604005E+037, 3.23099999999741E+040, 0.0003796407
2.02238195387155E+016, 1.22023576428002E+037, 3.22200000000625E+040, 0.00037872
2.01295049567576E+016, 1.21386826268507E+037, 3.21300000000146E+040, 0.000377799
2.00353885707402E+016, 1.20751667308669E+037, 3.20400000000498E+040, 0.0003768779
1.9941470440009E+016, 1.20118099732061E+037, 3.1950000000004E+040, 0.0003759565
1.98477506243025E+016, 1.19486123723462E+037, 3.1860000000011E+040, 0.0003750349
1.97542291835501E+016, 1.18855739468265E+037, 3.17699999999769E+040, 0.0003741131
1.96609061780257E+016, 1.18226947152927E+037, 3.16799999999723E+040, 0.0003731911
1.95677816682635E+016, 1.17599746964727E+037, 3.15900000000077E+040, 0.0003722689
1.94748557150386E+016, 1.16974139091702E+037, 3.14999999999789E+040, 0.0003713465
1.93821283794868E+016, 1.16350123723008E+037, 3.14099999999705E+040, 0.0003704238
1.92895997230017E+016, 1.15727701048612E+037, 3.13199999999849E+040, 0.000369501
1.91972698072588E+016, 1.15106871259364E+037, 3.12299999999985E+040, 0.0003685779
1.9105138694234E+016, 1.14487634547054E+037, 3.11400000000031E+040, 0.0003676546
1.90132064462008E+016, 1.13869991104404E+037, 3.10499999999941E+040, 0.0003667311
1.89214731257515E+016, 1.13253941125129E+037, 3.09600000000194E+040, 0.0003658073
1.88299387957277E+016, 1.12639484803734E+037, 3.08699999999913E+040, 0.0003648833
1.87386035193383E+016, 1.12026622335864E+037, 3.07799999999894E+040, 0.0003639591
1.86474673600613E+016, 1.11415353918011E+037, 3.06899999999984E+040, 0.0003630347
1.85565303816625E+016, 1.10805679747572E+037, 3.05999999999488E+040, 0.0003621101
1.84657926483083E+016, 1.10197600023183E+037, 3.05100000000074E+040, 0.0003611852
1.83752542243474E+016, 1.09591114944075E+037, 3.04199999999999E+040, 0.0003602601
1.82849151745547E+016, 1.08986224710792E+037, 3.03300000000411E+040, 0.0003593347
1.81947755639273E+016, 1.08382929524592E+037, 3.02399999999961E+040, 0.0003584092
1.81048354578981E+016, 1.07781229588078E+037, 3.01500000000318E+040, 0.0003574833
1.80150949221065E+016, 1.07181125104519E+037, 3.0060000000011E+040, 0.0003565573
1.79255540225901E+016, 1.06582616278421E+037, 2.99699999999867E+040, 0.000355631
1.78362128257309E+016, 1.05985703315363E+037, 2.98800000000553E+040, 0.0003547045
1.77470713981169E+016, 1.05390386421594E+037, 2.97899999999847E+040, 0.0003537777
1.76581298068282E+016, 1.04796665804876E+037, 2.96999999999617E+040, 0.0003528507
1.7569388119244E+016, 1.04204541673913E+037, 2.96100000000767E+040, 0.0003519235
1.7480846402933E+016, 1.03614014238034E+037, 2.95200000000241E+040, 0.000350996
1.73925047259941E+016, 1.03025083708191E+037, 2.9429999999999E+040, 0.0003500682
1.73043631567838E+016, 1.02437750296161E+037, 2.93399999999667E+040, 0.0003491403
1.72164217640393E+016, 1.01852014214909E+037, 2.92499999999825E+040, 0.000348212
1.71286806168065E+016, 1.01267875678373E+037, 2.91599999999918E+040, 0.0003472835
1.70411397844827E+016, 1.00685334901596E+037, 2.90699999999372E+040, 0.0003463548
1.69537993368997E+016, 1.00104392100967E+037, 2.89799999999716E+040, 0.0003454258
1.68666593441513E+016, 9.95250474937132E+036, 2.88899999999904E+040, 0.0003444965
1.67797198767117E+016, 9.89473012982536E+036, 2.87999999999395E+040, 0.000343567
1.6692981005522E+016, 9.83711537344495E+036, 2.87100000000387E+040, 0.0003426372
1.66064428017037E+016, 9.77966050227663E+036, 2.86200000000079E+040, 0.0003417072
1.6520105336917E+016, 9.72236553853247E+036, 2.85300000000166E+040, 0.0003407769
1.6433968683114E+016, 9.66523050451775E+036, 2.84400000000155E+040, 0.0003398464
1.63480329126393E+016, 9.60825542266062E+036, 2.83499999999978E+040, 0.0003389155
1.62622980982221E+016, 9.55144031550969E+036, 2.82599999999689E+040, 0.0003379844
1.6176764312997E+016, 9.49478520574045E+036, 2.81699999999945E+040, 0.0003370531
1.60914316304329E+016, 9.43829011613421E+036, 2.80799999999999E+040, 0.0003361214
1.60063001244103E+016, 9.38195506960107E+036, 2.79899999999697E+040, 0.0003351895
1.59213698692404E+016, 9.32578008918549E+036, 2.78999999999899E+040, 0.0003342574
1.58366409395808E+016, 9.26976519804174E+036, 2.78100000000123E+040, 0.0003333249
1.57521134104907E+016, 9.21391041944999E+036, 2.77199999999935E+040, 0.0003323922
1.56677873574897E+016, 9.15821577683387E+036, 2.76300000000446E+040, 0.0003314591
1.55836628564027E+016, 9.10268129371489E+036, 2.75400000000029E+040, 0.0003305258
1.54997399835779E+016, 9.04730699377648E+036, 2.74500000000116E+040, 0.0003295922
1.54160188156983E+016, 8.99209290080887E+036, 2.73600000000003E+040, 0.0003286584
1.53324994299032E+016, 8.93703903874484E+036, 2.72700000000047E+040, 0.0003277242
1.52491819037333E+016, 8.88214543164348E+036, 2.71800000000067E+040, 0.0003267898
1.51660663151684E+016, 8.82741210370156E+036, 2.70900000000275E+040, 0.000325855
1.50831527425759E+016, 8.77283907923846E+036, 2.69999999999775E+040, 0.00032492
1.50004412648414E+016, 8.7184263827345E+036, 2.69100000000011E+040, 0.0003239846
1.49179319612077E+016, 8.66417403878393E+036, 2.68200000000284E+040, 0.000323049
1.48356249113626E+016, 8.61008207212056E+036, 2.67300000000023E+040, 0.0003221131
1.47535201955001E+016, 8.55615050763612E+036, 2.66400000000375E+040, 0.0003211768
1.4671617894166E+016, 8.50237937033477E+036, 2.65499999999852E+040, 0.0003202403
1.45899180884626E+016, 8.4487686853934E+036, 2.64599999999832E+040, 0.0003193034
1.45084208598861E+016, 8.39531847811403E+036, 2.63700000000004E+040, 0.0003183663
1.44271262903936E+016, 8.34202877394341E+036, 2.62800000000068E+040, 0.0003174288
1.43460344624062E+016, 8.2888995984743E+036, 2.61899999999728E+040, 0.000316491
1.42651454588658E+016, 8.23593097746197E+036, 2.6100000000013E+040, 0.0003155529
1.41844593631048E+016, 8.18312293678621E+036, 2.6010000000015E+040, 0.0003146145
1.41039762589808E+016, 8.13047550249103E+036, 2.592E+040, 0.0003136758
1.40236962308432E+016, 8.07798870077461E+036, 2.58300000000169E+040, 0.0003127367
1.39436193634881E+016, 8.02566255797685E+036, 2.57400000000083E+040, 0.0003117973
1.38637457422461E+016, 7.97349710060434E+036, 2.56500000000364E+040, 0.0003108576
1.37840754528759E+016, 7.92149235530013E+036, 2.55599999999804E+040, 0.0003099175
1.37046085817335E+016, 7.86964834889291E+036, 2.54699999999902E+040, 0.0003089772
1.36253452156105E+016, 7.81796510834983E+036, 2.53800000000246E+040, 0.0003080365
1.35462854417993E+016, 7.76644266079591E+036, 2.52900000000211E+040, 0.0003070954
1.34674293481281E+016, 7.7150810335242E+036, 2.51999999999772E+040, 0.000306154
1.33887770229762E+016, 7.66388025400044E+036, 2.51099999999817E+040, 0.0003052123
1.33103285552026E+016, 7.61284034984238E+036, 2.50200000000014E+040, 0.0003042702
1.32320840341861E+016, 7.56196134883148E+036, 2.49299999999784E+040, 0.0003033278
1.31540435498876E+016, 7.51124327893148E+036, 2.48399999999915E+040, 0.000302385
1.30762071927594E+016, 7.46068616826171E+036, 2.47499999999859E+040, 0.0003014419
1.29985750538242E+016, 7.41029004512058E+036, 2.46599999999822E+040, 0.0003004984
1.29211472246489E+016, 7.36005493797798E+036, 2.45699999999868E+040, 0.0002995545
1.28439237973675E+016, 7.30998087548204E+036, 2.44800000000421E+040, 0.0002986103
1.27669048646067E+016, 7.2600678864375E+036, 2.43900000000008E+040, 0.0002976658
1.26900905196597E+016, 7.21031599985692E+036, 2.43000000000016E+040, 0.0002967208
1.26134808563231E+016, 7.16072524491284E+036, 2.4209999999993E+040, 0.0002957755
1.25370759690051E+016, 7.11129565096962E+036, 2.41200000000218E+040, 0.0002948298
1.24608759526501E+016, 7.06202724756172E+036, 2.40300000000061E+040, 0.0002938838
1.23848809028363E+016, 7.01292006442214E+036, 2.39399999999927E+040, 0.0002929373
1.23090909157139E+016, 6.96397413146462E+036, 2.3849999999967E+040, 0.0002919905
1.22335060880606E+016, 6.9151894788002E+036, 2.37599999999944E+040, 0.0002910433
1.21581265172237E+016, 6.86656613672009E+036, 2.36700000000363E+040, 0.0002900957
1.20829523011411E+016, 6.81810413570215E+036, 2.35799999999941E+040, 0.0002891478
1.20079835384508E+016, 6.76980350644317E+036, 2.34900000000031E+040, 0.0002881994
1.19332203283447E+016, 6.72166427981613E+036, 2.33999999999981E+040, 0.0002872506
1.18586627706721E+016, 6.67368648690071E+036, 2.33099999999903E+040, 0.0002863014
1.17843109659256E+016, 6.62587015897922E+036, 2.32200000000081E+040, 0.0002853519
1.17101650152131E+016, 6.57821532752872E+036, 2.31299999999994E+040, 0.0002844019
1.16362250203142E+016, 6.53072202423773E+036, 2.3039999999974E+040, 0.0002834515
1.15624910836847E+016, 6.48339028100746E+036, 2.29499999999958E+040, 0.0002825007
1.14889633084088E+016, 6.43622012993835E+036, 2.2860000000028E+040, 0.0002815494
1.1415641798234E+016, 6.38921160334014E+036, 2.27700000000121E+040, 0.0002805978
1.13425266576193E+016, 6.34236473374642E+036, 2.2679999999987E+040, 0.0002796457
1.12696179917112E+016, 6.2956795539076E+036, 2.25899999999988E+040, 0.0002786932
1.11969159063089E+016, 6.24915609678101E+036, 2.24999999999804E+040, 0.0002777403
1.11244205079451E+016, 6.20279439555481E+036, 2.24099999999636E+040, 0.0002767869
1.10521319038639E+016, 6.15659448364148E+036, 2.23199999999925E+040, 0.0002758331
1.09800502019855E+016, 6.11055639466799E+036, 2.22300000000018E+040, 0.0002748788
1.09081755109726E+016, 6.06468016249517E+036, 2.21399999999839E+040, 0.0002739241
1.0836507940246E+016, 6.01896582122267E+036, 2.20500000000145E+040, 0.000272969
1.07650475999144E+016, 5.97341340516849E+036, 2.19600000000239E+040, 0.0002720134
1.06937946008552E+016, 5.92802294889297E+036, 2.18700000000104E+040, 0.0002710573
1.06227490547043E+016, 5.88279448719583E+036, 2.17799999999844E+040, 0.0002701008
1.05519110738685E+016, 5.83772805512032E+036, 2.16899999999839E+040, 0.0002691438
1.04812807715077E+016, 5.79282368794785E+036, 2.15999999999952E+040, 0.0002681863
1.041085826156E+016, 5.74808142120593E+036, 2.1510000000003E+040, 0.0002672283
1.03406436587658E+016, 5.70350129067517E+036, 2.14200000000353E+040, 0.0002662699
1.02706370786218E+016, 5.65908333237617E+036, 2.13300000000016E+040, 0.000265311
1.02008386374952E+016, 5.61482758260333E+036, 2.12400000000054E+040, 0.0002643516
1.01312484525123E+016, 5.5707340778921E+036, 2.11499999999859E+040, 0.0002633917
1.00618666416664E+016, 5.52680285505126E+036, 2.10600000000128E+040, 0.0002624313
9.9926933237304E+015, 5.48303395113724E+036, 2.09699999999975E+040, 0.0002614704
9.92372861837123E+015, 5.43942740348802E+036, 2.08800000000055E+040, 0.000260509
9.85497264607596E+015, 5.3959832497018E+036, 2.07900000000088E+040, 0.0002595471
9.78642552819326E+015, 5.35270152764929E+036, 2.06999999999793E+040, 0.0002585846
9.71808738698541E+015, 5.30958227548927E+036, 2.06100000000146E+040, 0.0002576217
9.64995834553431E+015, 5.26662553164133E+036, 2.05200000000281E+040, 0.0002566582
9.58203852783721E+015, 5.22383133481419E+036, 2.04300000000034E+040, 0.0002556941
9.51432805882677E+015, 5.18119972401177E+036, 2.03400000000233E+040, 0.0002547296
9.44682706428792E+015, 5.13873073850934E+036, 2.02499999999908E+040, 0.0002537645
9.37953567098583E+015, 5.096424417891E+036, 2.01599999999783E+040, 0.0002527988
9.31245400660166E+015, 5.05428080203135E+036, 2.00700000000036E+040, 0.0002518326
9.24558219973108E+015, 5.01229993109541E+036, 1.99799999999919E+040, 0.0002508659
9.17892037996066E+015, 4.97048184556109E+036, 1.98899999999709E+040, 0.0002498985
9.11246867785644E+015, 4.92882658621629E+036, 1.98000000000029E+040, 0.0002489306
9.04622722490795E+015, 4.88733419414286E+036, 1.97099999999803E+040, 0.0002479622
8.98019615367378E+015, 4.84600471075946E+036, 1.96200000000298E+040, 0.0002469931
8.91437559762358E+015, 4.80483817777564E+036, 1.95299999999974E+040, 0.0002460235
8.84876569132891E+015, 4.76383463724815E+036, 1.94399999999904E+040, 0.0002450532
8.7833665703565E+015, 4.7229941315499E+036, 1.93500000000154E+040, 0.0002440824
8.71817837127945E+015, 4.68231670337365E+036, 1.92599999999737E+040, 0.0002431109
8.65320123179762E+015, 4.64180239576768E+036, 1.9169999999989E+040, 0.0002421389
8.58843529062191E+015, 4.60145125210212E+036, 1.90800000000144E+040, 0.0002411662
8.52388068754232E+015, 4.56126331608943E+036, 1.89899999999998E+040, 0.0002401929
8.45953756347266E+015, 4.52123863179771E+036, 1.88999999999867E+040, 0.000239219
8.3954060604342E+015, 4.48137724364634E+036, 1.88100000000165E+040, 0.0002382444
8.33148632152427E+015, 4.4416791963973E+036, 1.87199999999914E+040, 0.0002372692
8.26777849103755E+015, 4.40214453519084E+036, 1.86300000000019E+040, 0.0002362933
8.20428271437101E+015, 4.36277330551835E+036, 1.85399999999916E+040, 0.0002353168
8.14099913811542E+015, 4.32356555324926E+036, 1.84499999999919E+040, 0.0002343396
8.07792791002385E+015, 4.28452132462253E+036, 1.83599999999795E+040, 0.0002333617
8.01506917907115E+015, 4.24564066626424E+036, 1.82700000000125E+040, 0.0002323832
7.95242309540523E+015, 4.20692362517394E+036, 1.81800000000317E+040, 0.0002314039
7.88998981040911E+015, 4.16837024874328E+036, 1.80900000000034E+040, 0.000230424
7.82776947673585E+015, 4.12998058476651E+036, 1.79999999999776E+040, 0.0002294434
7.765762248304E+015, 4.09175468143976E+036, 1.79100000000238E+040, 0.000228462
7.70396828023406E+015, 4.05369258734296E+036, 1.781999999998E+040, 0.0002274799
7.64238772905423E+015, 4.01579435150035E+036, 1.77300000000415E+040, 0.0002264971
7.58102075247288E+015, 3.97806002331467E+036, 1.76399999999962E+040, 0.0002255136
7.51986750964057E+015, 3.94048965264404E+036, 1.75499999999881E+040, 0.0002245293
7.45892816101703E+015, 3.9030832897638E+036, 1.74600000000462E+040, 0.0002235443
7.39820286836731E+015, 3.86584098536585E+036, 1.73700000000125E+040, 0.0002225585
7.33769179492274E+015, 3.82876279060615E+036, 1.72799999999899E+040, 0.0002215719
7.27739510528867E+015, 3.79184875707844E+036, 1.71899999999925E+040, 0.0002205846
7.21731296548639E+015, 3.75509893682705E+036, 1.71000000000162E+040, 0.0002195964
7.15744554296245E+015, 3.71851338235014E+036, 1.70100000000053E+040, 0.0002186075
7.09779300666128E+015, 3.68209214662155E+036, 1.69200000000186E+040, 0.0002176177
7.03835552696902E+015, 3.64583528307502E+036, 1.68299999999865E+040, 0.0002166272
6.97913327582259E+015, 3.60974284563663E+036, 1.67399999999903E+040, 0.0002156358
6.92012642665459E+015, 3.57381488870943E+036, 1.66500000000202E+040, 0.0002146435
6.86133515442324E+015, 3.53805146718271E+036, 1.65599999999995E+040, 0.0002136505
6.80275963570528E+015, 3.50245263645988E+036, 1.64700000000112E+040, 0.0002126565
6.74440004862036E+015, 3.46701845243712E+036, 1.63799999999841E+040, 0.0002116617
6.68625657295403E+015, 3.43174897153982E+036, 1.62900000000122E+040, 0.000210666
6.62832939006363E+015, 3.39664425069603E+036, 1.61999999999772E+040, 0.0002096694
6.57061868303973E+015, 3.36170434738415E+036, 1.61099999999903E+040, 0.0002086719
6.51312463660871E+015, 3.32692931960531E+036, 1.60199999999991E+040, 0.0002076735
6.45584743721359E+015, 3.29231922590778E+036, 1.59299999999682E+040, 0.0002066742
6.39878727307327E+015, 3.25787412540493E+036, 1.58399999999873E+040, 0.0002056739
6.34194433411525E+015, 3.22359407775644E+036, 1.57499999999695E+040, 0.0002046726
6.28531881210541E+015, 3.18947914320702E+036, 1.56599999999858E+040, 0.0002036704
6.22891090059073E+015, 3.15552938257055E+036, 1.55699999999906E+040, 0.0002026673
6.17272079497748E+015, 3.1217448572537E+036, 1.54799999999856E+040, 0.0002016631
6.11674869254665E+015, 3.08812562926131E+036, 1.5389999999978E+040, 0.0002006579
6.06099479249195E+015, 3.05467176120838E+036, 1.53000000000102E+040, 0.0001996517
6.00545929590261E+015, 3.02138331631607E+036, 1.52100000000066E+040, 0.0001986445
5.95014240587032E+015, 2.98826035844371E+036, 1.51200000000251E+040, 0.0001976363
5.89504432744328E+015, 2.95530295207645E+036, 1.50300000000051E+040, 0.0001966269
5.84016526773184E+015, 2.92251116235691E+036, 1.49400000000106E+040, 0.0001956165
5.78550543587825E+015, 2.88988505507765E+036, 1.48500000000261E+040, 0.0001946051
5.73106504311051E+015, 2.85742469669767E+036, 1.47600000000236E+040, 0.0001935925
5.67684430279792E+015, 2.82513015435975E+036, 1.46700000000363E+040, 0.0001925787
5.62284343043793E+015, 2.79300149588781E+036, 1.45800000000007E+040, 0.0001915639
5.56906264376862E+015, 2.7610387898206E+036, 1.44900000000132E+040, 0.0001905479
5.51550216270573E+015, 2.72924210539474E+036, 1.4400000000001E+040, 0.0001895307
5.46216220946506E+015, 2.69761151258138E+036, 1.43100000000076E+040, 0.0001885123
5.40904300853717E+015, 2.66614708208022E+036, 1.42199999999822E+040, 0.0001874928
5.35614478679932E+015, 2.63484888535317E+036, 1.41300000000264E+040, 0.000186472
5.30346777344291E+015, 2.60371699460465E+036, 1.40400000000175E+040, 0.0001854499
5.25101220012901E+015, 2.57275148282817E+036, 1.39499999999967E+040, 0.0001844266
5.19877830098052E+015, 2.54195242380531E+036, 1.38600000000032E+040, 0.0001834021
5.14676631260009E+015, 2.51131989211242E+036, 1.37699999999927E+040, 0.0001823762
5.09497647416312E+015, 2.48085396314907E+036, 1.36800000000056E+040, 0.000181349
5.04340902742064E+015, 2.45055471314034E+036, 1.35900000000263E+040, 0.0001803204
4.99206421675751E+015, 2.42042221915534E+036, 1.35000000000276E+040, 0.0001792905
4.94094228924651E+015, 2.39045655912442E+036, 1.3409999999996E+040, 0.0001782593
4.89004349471786E+015, 2.36065781186092E+036, 1.3320000000007E+040, 0.0001772266
4.83936808574576E+015, 2.33102605705906E+036, 1.32300000000133E+040, 0.0001761924
4.78891631774484E+015, 2.30156137532355E+036, 1.31400000000029E+040, 0.0001751569
4.73868844902011E+015, 2.27226384818585E+036, 1.30499999999953E+040, 0.0001741198
4.68868474080058E+015, 2.24313355811572E+036, 1.29599999999769E+040, 0.0001730813
4.63890545732039E+015, 2.21417058854671E+036, 1.28699999999959E+040, 0.0001720412
4.58935086582697E+015, 2.18537502388032E+036, 1.27799999999986E+040, 0.0001709996
4.54002123668776E+015, 2.15674694951899E+036, 1.2690000000004E+040, 0.0001699564
4.4909168434174E+015, 2.12828645187598E+036, 1.25999999999963E+040, 0.0001689116
4.44203796275768E+015, 2.09999361840065E+036, 1.25099999999966E+040, 0.0001678652
4.39338487472719E+015, 2.071868537595E+036, 1.24200000000227E+040, 0.0001668171
4.3449578626563E+015, 2.04391129902606E+036, 1.23299999999921E+040, 0.0001657673
4.29675721332357E+015, 2.0161219933676E+036, 1.22399999999743E+040, 0.0001647158
4.24878321696921E+015, 1.98850071240648E+036, 1.21500000000072E+040, 0.0001636626
4.20103616733593E+015, 1.96104754905686E+036, 1.2060000000001E+040, 0.0001626076
4.15351636181179E+015, 1.93376259740405E+036, 1.1969999999996E+040, 0.0001615508
4.10622410145539E+015, 1.90664595271444E+036, 1.18799999999998E+040, 0.0001604921
4.05915969107055E+015, 1.87969771145973E+036, 1.17899999999902E+040, 0.0001594315
4.0123234393049E+015, 1.85291797134819E+036, 1.16999999999973E+040, 0.0001583691
3.96571565869605E+015, 1.82630683134091E+036, 1.16099999999913E+040, 0.0001573046
3.91933666578343E+015, 1.79986439168702E+036, 1.15199999999963E+040, 0.0001562382
3.87318678116171E+015, 1.77359075394219E+036, 1.14299999999874E+040, 0.0001551698
3.8272663295911E+015, 1.74748602100364E+036, 1.13399999999832E+040, 0.0001540993
3.78157564006741E+015, 1.72155029713357E+036, 1.12499999999852E+040, 0.0001530267
3.7361150459145E+015, 1.69578368798925E+036, 1.11599999999886E+040, 0.0001519519
3.69088488488529E+015, 1.67018630065564E+036, 1.10700000000141E+040, 0.000150875
3.64588549922871E+015, 1.64475824366826E+036, 1.09800000000071E+040, 0.0001497958
3.60111723583173E+015, 1.61949962705791E+036, 1.08899999999986E+040, 0.0001487144
3.55658044629251E+015, 1.59441056237557E+036, 1.08000000000064E+040, 0.0001476306
3.51227548701106E+015, 1.56949116272252E+036, 1.07099999999863E+040, 0.0001465445
3.46820271934251E+015, 1.54474154279863E+036, 1.06200000000038E+040, 0.0001454559
3.42436250964498E+015, 1.5201618189204E+036, 1.05300000000046E+040, 0.0001443648
3.38075522944175E+015, 1.49575210907208E+036, 1.04399999999943E+040, 0.0001432713
3.33738125553461E+015, 1.47151253294285E+036, 1.03500000000248E+040, 0.0001421751
3.29424097007486E+015, 1.44744321195203E+036, 1.02600000000103E+040, 0.0001410763
3.25133476076211E+015, 1.42354426931121E+036, 1.01700000000021E+040, 0.0001399749
3.20866302092452E+015, 1.39981583005235E+036, 1.00800000000102E+040, 0.0001388706
3.16622614964997E+015, 1.37625802107082E+036, 9.98999999999593E+039, 0.0001377636
3.12402455195525E+015, 1.35287097117954E+036, 9.8999999999928E+039, 0.0001366536
3.0820586388954E+015, 1.32965481114599E+036, 9.80999999998532E+039, 0.0001355408
3.04032882774009E+015, 1.30660967374891E+036, 9.72000000002258E+039, 0.0001344249
2.99883554207184E+015, 1.28373569381251E+036, 9.63000000001693E+039, 0.0001333059
2.95757921201163E+015, 1.26103300827772E+036, 9.540000000007E+039, 0.0001321838
2.91656027434257E+015, 1.23850175624418E+036, 9.45000000001297E+039, 0.0001310584
2.87577917266391E+015, 1.21614207902137E+036, 9.35999999998577E+039, 0.0001299297
2.83523635761246E+015, 1.1939541201993E+036, 9.26999999999213E+039, 0.0001287976
2.79493228698096E+015, 1.17193802568973E+036, 9.17999999998047E+039, 0.0001276621
2.75486742595379E+015, 1.15009394380163E+036, 9.08999999997371E+039, 0.000126523
2.71504224728529E+015, 1.12842202530016E+036, 9.00000000001578E+039, 0.0001253802
2.67545723145608E+015, 1.10692242345996E+036, 8.91000000000438E+039, 0.0001242337
2.63611286696151E+015, 1.08559529415637E+036, 8.82000000000941E+039, 0.0001230834
2.59700965045639E+015, 1.06444079591598E+036, 8.73000000000245E+039, 0.0001219291
2.55814808701197E+015, 1.04345908999964E+036, 8.63999999999225E+039, 0.0001207707
2.51952869033306E+015, 1.02265034047438E+036, 8.5499999999717E+039, 0.0001196082
2.48115198301663E+015, 1.00201471429777E+036, 8.45999999999393E+039, 0.0001184415
2.4430184967557E+015, 9.81552381386754E+035, 8.36999999999447E+039, 0.0001172703
2.40512877264807E+015, 9.61263514717263E+035, 8.27999999999076E+039, 0.0001160946
2.36748336144237E+015, 9.41148290406115E+035, 8.18999999999332E+039, 0.0001149143
2.33008282381758E+015, 9.21206887803104E+035, 8.10000000000639E+039, 0.0001137292
2.29292773066563E+015, 9.01439489584373E+035, 8.00999999999586E+039, 0.0001125393
2.25601866342363E+015, 8.81846281860654E+035, 7.92000000000959E+039, 0.0001113442
2.21935621434518E+015, 8.62427454268603E+035, 7.83000000000219E+039, 0.000110144
2.18294098687077E+015, 8.43183200091054E+035, 7.74000000000631E+039, 0.0001089384
2.14677359593816E+015, 8.24113716360775E+035, 7.65000000000553E+039, 0.0001077273
2.11085466835576E+015, 8.05219203982928E+035, 7.56000000000362E+039, 0.0001065105
2.07518484316599E+015, 7.86499867855314E+035, 7.46999999999004E+039, 0.0001052878
2.03976477204689E+015, 7.67955917000431E+035, 7.37999999999677E+039, 0.0001040591
2.00459511968951E+015, 7.49587564691278E+035, 7.28999999998328E+039, 0.0001028241
1.96967656426395E+015, 7.31395028603372E+035, 7.2000000000138E+039, 0.0001015826
1.93500979779998E+015, 7.1337853094341E+035, 7.11000000000102E+039, 0.0001003345
1.90059552672066E+015, 6.95538298622305E+035, 7.02000000000054E+039, 9.90795297182694E-005
1.86643447227591E+015, 6.77874563400919E+035, 6.93000000000015E+039, 9.78173973161478E-005
1.83252737106807E+015, 6.60387562063037E+035, 6.83999999999741E+039, 9.6547889190539E-005
1.79887497558103E+015, 6.43077536590492E+035, 6.74999999999069E+039, 9.52707461616858E-005
1.76547805473971E+015, 6.25944734348173E+035, 6.65999999999054E+039, 9.39856958482076E-005
1.73233739449186E+015, 6.08989408276778E+035, 6.57000000001025E+039, 9.26924517923635E-005
1.69945379840506E+015, 5.92211817091161E+035, 6.4799999999959E+039, 9.1390712514126E-005
1.66682808835111E+015, 5.75612225505211E+035, 6.39000000000102E+039, 9.00801604859342E-005
1.63446110513895E+015, 5.59190904443511E+035, 6.29999999999687E+039, 8.87604610228236E-005
1.60235370925606E+015, 5.42948131285688E+035, 6.21000000000058E+039, 8.74312610765921E-005
1.57050678160566E+015, 5.26884190111343E+035, 6.1200000000233E+039, 8.60921879263623E-005
1.53892122428117E+015, 5.10999371957528E+035, 6.03000000000513E+039, 8.47428477540786E-005
1.50759796143673E+015, 4.95293975105593E+035, 5.93999999998548E+039, 8.33828240920544E-005
1.47653794014184E+015, 4.79768305365856E+035, 5.85000000000456E+039, 8.20116761308517E-005
1.44574213128405E+015, 4.6442267637817E+035, 5.75999999999639E+039, 8.06289368712606E-005
1.41521153059644E+015, 4.49257409950655E+035, 5.67000000000694E+039, 7.92341111023113E-005
1.38494715964826E+015, 4.3427283639066E+035, 5.57999999999572E+039, 7.78266731883501E-005
1.35495006697586E+015, 4.19469294878605E+035, 5.48999999999552E+039, 7.6406064640974E-005
1.3252213292188E+015, 4.04847133846454E+035, 5.40000000000335E+039, 7.49716914530006E-005
1.2957620523529E+015, 3.904067113871E+035, 5.30999999999089E+039, 7.35229211653051E-005
1.26657337301687E+015, 3.76148395694256E+035, 5.22000000000067E+039, 7.20590796349057E-005
1.23765645986707E+015, 3.62072565514041E+035, 5.12999999999485E+039, 7.05794474686947E-005
1.2090125150837E+015, 3.4817961064419E+035, 5.03999999999768E+039, 6.90832560802282E-005
1.18064277592281E+015, 3.34469932450724E+035, 4.9500000000074E+039, 6.75696833232776E-005
1.15254851639217E+015, 3.20943944425001E+035, 4.86000000000379E+039, 6.6037848647068E-005
1.12473104904929E+015, 3.07602072780902E+035, 4.77000000000263E+039, 6.44868077108453E-005
1.09719172689642E+015, 2.94444757085448E+035, 4.67999999999199E+039, 6.2915546385887E-005
1.06993194543673E+015, 2.81472450941767E+035, 4.59000000000409E+039, 0.000061323
1.04295314483666E+015, 2.68685622709151E+035, 4.50000000000117E+039, 5.97079161575734E-005
1.01625681229571E+015, 2.56084756289673E+035, 4.40999999999834E+039, 5.80691057346416E-005
989844484550187, 2.43670351961337E+035, 4.31999999999902E+039, 5.64051740651372E-005
963717750581910, 2.31442927278244E+035, 4.23000000000167E+039, 5.47146400184759E-005
937878254533628, 2.19403018039808E+035, 4.14000000000125E+039, 5.29958980772323E-005
912327698855381, 2.07551179336136E+035, 4.04999999999681E+039, 5.12472047743949E-005
887067847704641, 1.95887986677547E+035, 3.96000000000562E+039, 4.94666633023407E-005
862100530609807, 1.84414037212047E+035, 3.8699999999968E+039, 4.76522059979844E-005
837427646477701, 1.73129951054881E+035, 3.78000000000037E+039, 4.58015743531387E-005
813051167902313, 1.62036372719498E+035, 3.69000000000404E+039, 4.39122961298972E-005
788973145884764, 1.51133972682753E+035, 3.5999999999976E+039, 4.19816590785703E-005
765195714976086, 1.4042344908969E+035, 3.5100000000045E+039, 4.00066806522821E-005
741721098875236, 1.29905529608789E+035, 3.42000000000179E+039, 3.7984072985006E-005
718551616592525, 1.19580973471576E+035, 3.3300000000039E+039, 3.59102022436743E-005
695689689185745, 1.09450573701059E+035, 3.23999999999853E+039, 0.000033781
673137847196675, 9.9515159568192E+034, 3.15000000000141E+039, 3.15921141486183E-005
650898738833457, 8.97755992926516E+034, 3.05999999999747E+039, 2.93384311414137E-005
628975139046504, 8.02328030332125E+034, 2.9699999999992E+039, 2.70144117957017E-005
607369959579048, 7.08877261952641E+034, 2.88000000000463E+039, 2.46137938177605E-005
586086260162243, 6.17413731079798E+034, 2.78999999999595E+039, 2.21295244114944E-005
565127261026737, 5.27948011251629E+034, 2.69999999999616E+039, 1.95536300463844E-005
544496356899909, 4.40491252036893E+034, 2.61000000000422E+039, 1.68770594649877E-005
524197132762850, 3.55055230435089E+034, 2.51999999999724E+039, 1.40894932712491E-005
504233381655430, 2.71652408778905E+034, 2.43000000000237E+039, 1.1179111472372E-005
484609124837764, 1.90296000092014E+034, 2.34000000000482E+039, 8.13230769622317E-006
465328634785637, 1.11000042331491E+034, 2.2499999999988E+039, 4.93333521473556E-006
446396461507586, 3.37794829805011E+033, 2.15999999999671E+039, 1.56386495280336E-006
427817462826352, -4.13497241114941E+033, 2.06999999999576E+039, -1.99757121311975E-006
