# rho[g/cm^3] , P[dyn/cm^2],  n_B[cm^{-3}] , mu [erg],,epsilon[erg/cm^3],rho,n_b,mu
energia, pressao, rho, mu,,,,,
10763.685414811,5755.0509581219,4.5,3670.8303050962,,9.2206E+036,1.02587982887482E+016,4.5E+039,0.005881321
10727.002145156,5732.5442671914,4.49,3665.8232544204,,9.1846E+036,1.02186784698129E+016,4.49E+039,0.0058732988
10690.3689573596,5710.0774466876,4.48,3660.8139294748,,9.1486E+036,1.01786297228226E+016,4.48E+039,0.005865273
10653.785874195,5687.6505044161,4.47,3655.802321837,,9.1126E+036,1.01386520616914E+016,4.47E+039,0.0058572435
10617.2529185865,5665.2634482337,4.46,3650.7884230539,,9.0768E+036,1.00987455004245E+016,4.46E+039,0.0058492103
10580.7701134355,5642.916285991,4.45,3645.7722245902,,9.0410E+036,1.00589100530163E+016,4.45E+039,0.0058411735
10544.337481833,5620.6090256026,4.44,3640.7537178909,,9.0052E+036,1.00191457335751E+016,4.44E+039,0.005833133
10507.9550468469,5598.341674977,4.43,3635.7328943169,,8.9695E+036,9.97945255619838E+015,4.43E+039,0.0058250887
10471.6228317309,5576.1142420853,4.42,3630.7097452073,,8.9339E+036,9.93983053509519E+015,4.42E+039,0.0058170407
10435.3408597557,5553.9267349054,4.41,3625.6842618279,,8.8984E+036,9.90027968448673E+015,4.41E+039,0.005808989
10399.1091543362,5531.7791614647,4.4,3620.6564354093,,8.8629E+036,9.86080001868243E+015,4.4E+039,0.0058009336
10362.9277389392,5509.6715298087,4.39,3615.626257118,,8.8275E+036,9.82139155202398E+015,4.39E+039,0.0057928743
10326.7966370812,5487.6038480011,4.38,3610.5937180553,,8.7921E+036,9.78205429888551E+015,4.38E+039,0.0057848113
10290.715872518,5465.5761241857,4.37,3605.5588093144,,8.7568E+036,9.74278827378394E+015,4.37E+039,0.0057767445
10254.6854688803,5443.5883664669,4.36,3600.5215218686,,8.7216E+036,9.70359349116595E+015,4.36E+039,0.0057686739
10218.7054500629,5421.6405830373,4.35,3595.4818466897,,8.6864E+036,9.66446996563545E+015,4.35E+039,0.0057605994
10182.7758399994,5399.7327821039,4.34,3590.4397746782,,8.6513E+036,9.62541771182202E+015,4.34E+039,0.0057525211
10146.8966626587,5377.8649718871,4.33,3585.3952966619,,8.6163E+036,9.58643674437912E+015,4.33E+039,0.005744439
10111.0679421685,5356.0371606611,4.32,3580.3484034328,,8.5813E+036,9.54752707805612E+015,4.32E+039,0.0057363529
10075.2897027111,5334.2493567193,4.31,3575.2990857147,,8.5464E+036,9.5086887276366E+015,4.31E+039,0.005728263
10039.5619685884,5312.5015683967,4.3,3570.2473341826,,8.5116E+036,9.46992170797831E+015,4.3E+039,0.0057201692
10003.8847641966,5290.7938040604,4.29,3565.1931394538,,8.4768E+036,9.43122603399623E+015,4.29E+039,0.0057120715
9968.2581140088,5269.1260721047,4.28,3560.1364920826,,8.4421E+036,9.39260172065379E+015,4.28E+039,0.0057039699
9932.6820426067,5247.4983809614,4.27,3555.0773825686,,8.4074E+036,9.3540487829813E+015,4.27E+039,0.0056958643
9897.1565746684,5225.9107390954,4.26,3550.015801353,,8.3728E+036,9.31556723606807E+015,4.26E+039,0.0056877547
9861.6817349062,5204.3631549848,4.25,3544.9517387979,,8.3383E+036,9.27715709502692E+015,4.25E+039,0.0056796412
9826.2575482295,5182.855637174,4.24,3539.8851852367,,8.3039E+036,9.23881837508886E+015,4.24E+039,0.0056715237
9790.8840395917,5161.3881942239,4.23,3534.8161309257,,8.2695E+036,9.20055109151434E+015,4.23E+039,0.0056634022
9755.5612340188,5139.9608347206,4.22,3529.744566052,,8.2351E+036,9.1623552596087E+015,4.22E+039,0.0056552766
9720.289156711,5118.5735673097,4.21,3524.670480765,,8.2009E+036,9.12423089478334E+015,4.21E+039,0.005647147
9685.0678328864,5097.226400644,4.2,3519.5938651263,,8.1667E+036,9.08617801246253E+015,4.2E+039,0.0056390134
9649.8972879092,5075.9193434265,4.19,3514.5147091493,,8.1325E+036,9.04819662815998E+015,4.19E+039,0.0056308757
9614.7775472495,5054.6524043965,4.18,3509.4330027861,,8.0984E+036,9.01028675745415E+015,4.18E+039,0.0056227339
9579.7086364519,5033.4255923198,4.17,3504.3487359165,,8.0644E+036,8.97244841597071E+015,4.17E+039,0.005614588
9544.6905811592,5012.2389159962,4.16,3499.2618983547,,8.0305E+036,8.93468161939594E+015,4.16E+039,0.005606438
9509.7234071299,4991.0923842655,4.15,3494.1724798543,,7.9966E+036,8.89698638348744E+015,4.15E+039,0.0055982838
9474.8071402198,4969.9860060013,4.14,3489.0804701017,,7.9628E+036,8.85936272406304E+015,4.14E+039,0.0055901255
9439.9418064348,4948.9197901282,4.13,3483.985858732,,7.9290E+036,8.82181065703149E+015,4.13E+039,0.0055819631
9405.1274318018,4927.89374558,4.12,3478.8886352868,,7.8954E+036,8.78433019831795E+015,4.12E+039,0.0055737964
9370.3640425415,4906.9078813555,4.11,3473.7887892694,,7.8617E+036,8.74692136396343E+015,4.11E+039,0.0055656255
9335.6516648661,4885.9622064533,4.1,3468.6863100779,,7.8282E+036,8.70958417000859E+015,4.1E+039,0.0055574505
9300.9903251918,4865.0567299406,4.09,3463.5811870739,,7.7947E+036,8.67231863261639E+015,4.09E+039,0.0055492712
9266.3800500072,4844.1914609103,4.08,3458.4734095386,,7.7613E+036,8.63512476799556E+015,4.08E+039,0.0055410876
9231.8208659331,4823.3664085008,4.07,3453.3629666914,,7.7279E+036,8.598002592436E+015,4.07E+039,0.0055328998
9197.3127996529,4802.5815818731,4.06,3448.2498476665,,7.6946E+036,8.56095212226783E+015,4.06E+039,0.0055247076
9162.8558779731,4781.8369902307,4.05,3443.1340415318,,7.6614E+036,8.52397337389698E+015,4.05E+039,0.0055165112
9128.4501278381,4761.1326428242,4.04,3438.0155372927,,7.6282E+036,8.4870663638133E+015,4.04E+039,0.0055083105
9094.0955763008,4740.468548942,4.03,3432.8943238816,,7.5951E+036,8.45023110857407E+015,4.03E+039,0.0055001054
9059.7922505001,4719.8447179029,4.02,3427.77039015,,7.5620E+036,8.4134676247907E+015,4.02E+039,0.0054918959
9025.540177655,4699.2611590539,4.01,3422.6437248651,,7.5290E+036,8.37677592912492E+015,4.01E+039,0.0054836821
8991.3393851878,4678.7178818111,4,3417.5143167497,,7.4961E+036,8.34015603836161E+015,4E+039,0.0054754639
8957.1899005701,4658.2148956087,3.99,3412.3821544308,,7.4633E+036,8.30360796931792E+015,3.99E+039,0.0054672412
8923.0917513735,4637.7522099159,3.98,3407.2472264546,,7.4305E+036,8.26713173887338E+015,3.98E+039,0.0054590142
8889.0449653495,4617.3298342632,3.97,3402.109521313,,7.3978E+036,8.23072736401682E+015,3.97E+039,0.0054507826
8855.0495702909,4596.9477781967,3.96,3396.9690273959,,7.3651E+036,8.19439486176485E+015,3.96E+039,0.0054425467
8821.1055941962,4576.6060513325,3.95,3391.8257330453,,7.3325E+036,8.15813424925886E+015,3.95E+039,0.0054343062
8787.2130650687,4556.3046632902,3.94,3386.679626487,,7.3000E+036,8.12194554364651E+015,3.94E+039,0.0054260612
8753.3720111169,4536.043623759,3.93,3381.5306958972,,7.2675E+036,8.0858287621995E+015,3.93E+039,0.0054178117
8719.582460638,4515.8229424597,3.92,3376.3789293617,,7.2351E+036,8.04978392224585E+015,3.92E+039,0.0054095577
8685.8444420645,4495.6426291595,3.91,3371.2243148911,,7.2028E+036,8.01381104119632E+015,3.91E+039,0.0054012991
8652.1579839457,4475.5026936665,3.9,3366.0668404134,,7.1705E+036,7.97791013653456E+015,3.9E+039,0.0053930359
8618.5231149011,4455.4031458138,3.89,3360.906493757,,7.1383E+036,7.9420812257888E+015,3.89E+039,0.0053847681
8584.9398637261,4435.343995495,3.88,3355.7432626859,,7.1062E+036,7.90632432659508E+015,3.88E+039,0.0053764957
8551.4082593601,4415.3252526528,3.87,3350.5771348871,,7.0741E+036,7.87063945667701E+015,3.87E+039,0.0053682186
8517.928330785,4395.3469272468,3.86,3345.4080979357,,7.0421E+036,7.8350266337883E+015,3.86E+039,0.0053599369
8484.5001071926,4375.4090293073,3.85,3340.2361393506,,7.0102E+036,7.79948587580868E+015,3.85E+039,0.0053516505
8451.1236178402,4355.5115688887,3.84,3335.061246544,,6.9783E+036,7.76401720066086E+015,3.84E+039,0.0053433594
8417.7988921476,4335.6545561014,3.83,3329.8834068535,,6.9465E+036,7.72862062636737E+015,3.83E+039,0.0053350636
8384.525959631,4315.8380010897,3.82,3324.7026075185,,6.9147E+036,7.69329617101115E+015,3.82E+039,0.005326763
8351.3048499422,4296.0619140447,3.81,3319.5188356921,,6.8831E+036,7.6580438527586E+015,3.81E+039,0.0053184577
8318.1355929029,4276.3263052159,3.8,3314.3320784523,,6.8514E+036,7.62286368988019E+015,3.8E+039,0.0053101476
8285.0182184236,4256.6311848844,3.79,3309.1423227726,,6.8199E+036,7.58775570070273E+015,3.79E+039,0.0053018327
8251.9527565527,4236.9765633792,3.78,3303.9495555375,,6.7884E+036,7.55271990363841E+015,3.78E+039,0.005293513
8218.9392374525,4217.3624510691,3.77,3298.7537635336,,6.7570E+036,7.51775631717039E+015,3.77E+039,0.0052851884
8185.9776914635,4197.788858384,3.76,3293.5549334701,,6.7256E+036,7.48286495989072E+015,3.76E+039,0.005276859
8153.0681490205,4178.2557957873,3.75,3288.3530519488,,6.6943E+036,7.44804585045117E+015,3.75E+039,0.0052685246
8120.2106406911,4158.7632737885,3.74,3283.1481054758,,6.6631E+036,7.41329900758569E+015,3.74E+039,0.0052601854
8087.4051972443,4139.3113029661,3.73,3277.9400804854,,6.6319E+036,7.37862445015123E+015,3.73E+039,0.0052518412
8054.6518494682,4119.8998939071,3.72,3272.7289632729,,6.6008E+036,7.3440221970199E+015,3.72E+039,0.0052434921
8021.950628384,4100.5290572782,3.71,3267.5147400707,,6.5698E+036,7.30949226720586E+015,3.71E+039,0.0052351379
7989.3015651119,4081.1988037807,3.7,3262.297396998,,6.5388E+036,7.27503467978496E+015,3.7E+039,0.0052267788
7956.704690959,4061.9091441805,3.69,3257.076920092,,6.5079E+036,7.2406494539482E+015,3.69E+039,0.0052184147
7924.1600372902,4042.6600892647,3.68,3251.8532952595,,6.4771E+036,7.20633660892438E+015,3.68E+039,0.0052100455
7891.6676356551,4023.4516498842,3.67,3246.6265083213,,6.4463E+036,7.17209616405602E+015,3.67E+039,0.0052016713
7859.2275177509,4004.283836941,3.66,3241.3965449978,,6.4156E+036,7.13792813877672E+015,3.66E+039,0.005193292
7826.8397154523,3985.1566613979,3.65,3236.1633909179,,6.3849E+036,7.10383255262849E+015,3.65E+039,0.0051849075
7794.5042606922,3966.07013424,3.64,3230.9270315748,,6.3543E+036,7.06980942519305E+015,3.64E+039,0.0051765179
7762.2211856114,3947.0242665233,3.63,3225.6874523787,,6.3238E+036,7.03585877617854E+015,3.63E+039,0.0051681232
7729.9905224934,3928.0190693534,3.62,3220.4446386317,,6.2934E+036,7.0019806253815E+015,3.62E+039,0.0051597233
7697.8123037333,3909.0545538758,3.61,3215.198575515,,6.2630E+036,6.9681749926696E+015,3.61E+039,0.0051513182
7665.6865619286,3890.1307313049,3.6,3209.9492481204,,6.2327E+036,6.93444189803332E+015,3.6E+039,0.0051429078
7633.6133297759,3871.247612891,3.59,3204.6966414114,,6.2024E+036,6.90078136152715E+015,3.59E+039,0.0051344922
7601.5926401475,3852.4052099446,3.58,3199.4407402492,,6.1722E+036,6.86719340331288E+015,3.58E+039,0.0051260713
7569.624526072,3833.603533831,3.57,3194.1815293846,,6.1421E+036,6.83367804364997E+015,3.57E+039,0.0051176451
7537.7090207076,3814.8425959606,3.56,3188.9189934461,,6.1121E+036,6.80023530287831E+015,3.56E+039,0.0051092136
7505.8461573984,3796.122407808,3.55,3183.6531169596,,6.0821E+036,6.7668652014522E+015,3.55E+039,0.0051007768
7474.0359696184,3777.4429808938,3.54,3178.3838843255,,6.0521E+036,6.73356775990796E+015,3.54E+039,0.0050923345
7442.278491007,3758.8043267957,3.53,3173.1112798308,,6.0223E+036,6.70034299888368E+015,3.53E+039,0.0050838869
7410.5737553706,3740.2064571493,3.52,3167.8352876477,,5.9925E+036,6.66719093912067E+015,3.52E+039,0.0050754338
7378.9217966804,3721.6493836476,3.51,3162.5558918313,,5.9627E+036,6.63411160146255E+015,3.51E+039,0.0050669753
7347.3226490119,3703.133118021,3.5,3157.2730762951,,5.9331E+036,6.60110500681961E+015,3.5E+039,0.0050585113
7315.7763466809,3684.6576720819,3.49,3151.9868248604,,5.9035E+036,6.56817117624833E+015,3.49E+039,0.0050500417
7284.2829240911,3666.223057675,3.48,3146.6971211972,,5.8739E+036,6.53531013086273E+015,3.48E+039,0.0050415667
7252.8424158849,3647.8292867264,3.47,3141.4039488793,,5.8445E+036,6.50252189192198E+015,3.47E+039,0.0050330861
7221.4548568016,3629.4763711973,3.46,3136.1072913292,,5.8151E+036,6.46980648074777E+015,3.46E+039,0.0050245999
7190.1202818009,3611.1643231247,3.45,3130.8071318625,,5.7857E+036,6.43716391879694E+015,3.45E+039,0.0050161081
7158.8387259763,3592.8931545929,3.44,3125.5034536538,,5.7565E+036,6.40459422761064E+015,3.44E+039,0.0050076107
7127.6102245882,3574.6628777442,3.43,3120.1962397471,,5.7272E+036,6.3720974288334E+015,3.43E+039,0.0049991076
7096.4348130937,3556.4735047889,3.42,3114.8854730651,,5.6981E+036,6.33967354423098E+015,3.42E+039,0.0049905988
7065.3125271019,3538.3250479908,3.41,3109.5711363908,,5.6690E+036,6.30732259566448E+015,3.41E+039,0.0049820843
7034.2434023839,3520.2175196704,3.4,3104.2532123689,,5.6400E+036,6.2750446050961E+015,3.4E+039,0.004973564
7003.2274749385,3502.1509322259,3.39,3098.9316835293,,5.6111E+036,6.24283959462655E+015,3.39E+039,0.004965038
6972.264780876,3484.1252980965,3.38,3093.6065322404,,5.5822E+036,6.21070758642959E+015,3.38E+039,0.0049565062
6941.3553565005,3466.1406297879,3.37,3088.2777407384,,5.5534E+036,6.17864860279755E+015,3.37E+039,0.0049479685
6910.4992383189,3448.1969398763,3.36,3082.9452911295,,5.5246E+036,6.14666266614843E+015,3.36E+039,0.004939425
6879.6964630079,3430.294240997,3.35,3077.6091653746,,5.4959E+036,6.11474979900557E+015,3.35E+039,0.0049308755
6848.9470674107,3412.432545844,3.34,3072.2693452858,,5.4673E+036,6.08291002399695E+015,3.34E+039,0.0049223202
6818.2510885509,3394.611867174,3.33,3066.92581253,,5.4388E+036,6.05114336386232E+015,3.33E+039,0.0049137589
6787.6085636788,3376.8322178218,3.32,3061.5785486448,,5.4103E+036,6.01944984148065E+015,3.32E+039,0.0049051917
6757.0195301609,3359.0936106643,3.31,3056.2275349925,,5.3819E+036,5.98782947980595E+015,3.31E+039,0.0048966184
6726.4840256137,3341.3960586641,3.3,3050.8727528115,,5.3535E+036,5.95628230194501E+015,3.3E+039,0.0048880391
6696.0020878179,3323.7395748416,3.29,3045.5141831792,,5.3252E+036,5.92480833110762E+015,3.29E+039,0.0048794537
6665.573754723,3306.1241722765,3.28,3040.151807012,,5.2970E+036,5.89340759060933E+015,3.28E+039,0.0048708622
6635.1990645042,3288.5498641265,3.27,3034.7856050858,,5.2688E+036,5.86208010390468E+015,3.27E+039,0.0048622646
6604.8780555131,3271.0166636112,3.26,3029.4155580136,,5.2407E+036,5.83082589455857E+015,3.26E+039,0.0048536608
6574.6107662987,3253.524584019,3.25,3024.0416462516,,5.2127E+036,5.79964498625856E+015,3.25E+039,0.0048450509
6544.3972356188,3236.0736387106,3.24,3018.6638501017,,5.1848E+036,5.76853740282106E+015,3.24E+039,0.0048364347
6514.2375023877,3218.6638411025,3.23,3013.2821496874,,5.1569E+036,5.73750316816196E+015,3.23E+039,0.0048278123
6484.1316057904,3201.295204704,3.22,3007.8965249983,,5.1290E+036,5.70654230636257E+015,3.22E+039,0.0048191835
6454.0795851346,3183.9677430688,3.21,3002.5069558266,,5.1013E+036,5.67565484158336E+015,3.21E+039,0.0048105485
6424.0814799689,3166.6814698339,3.2,2997.1134218134,,5.0736E+036,5.64484079813328E+015,3.2E+039,0.0048019071
6394.1373300793,3149.4363987184,3.19,2991.7159024444,,5.0460E+036,5.61410020046761E+015,3.19E+039,0.0047932593
6364.2471753657,3132.2325434832,3.18,2986.3143769965,,5.0184E+036,5.58343307311618E+015,3.18E+039,0.0047846051
6334.4110560404,3115.0699179959,3.17,2980.9088246171,,4.9909E+036,5.55283944079897E+015,3.17E+039,0.0047759445
6304.629012458,3097.9485361751,3.16,2975.499224251,,4.9635E+036,5.52231932832693E+015,3.16E+039,0.0047672773
6274.9010852006,3080.8684120187,3.15,2970.0855546728,,4.9361E+036,5.49187276065232E+015,3.15E+039,0.0047586037
6245.2273150767,3063.8295596031,3.14,2964.667794484,,4.9088E+036,5.46149976286736E+015,3.14E+039,0.0047499234
6215.6077431095,3046.8319930799,3.13,2959.2459221052,,4.8816E+036,5.4312003601983E+015,3.13E+039,0.0047412366
6186.042410514,3029.875726668,3.12,2953.8199157635,,4.8544E+036,5.40097457799137E+015,3.12E+039,0.0047325432
6156.5313587338,3012.9607746659,3.11,2948.3897535047,,4.8273E+036,5.37082244173469E+015,3.11E+039,0.0047238431
6127.07462946,2996.0871514581,3.1,2942.9554131994,,4.8003E+036,5.34074397706969E+015,3.1E+039,0.0047151364
6097.6722645675,2979.2548714939,3.09,2937.5168725118,,4.7733E+036,5.31073920975329E+015,3.09E+039,0.0047064229
6068.3243061753,2962.4639493075,3.08,2932.074108923,,4.7464E+036,5.28080816569377E+015,3.08E+039,0.0046977026
6039.0307966431,2945.714399517,3.07,2926.6270997264,,4.7196E+036,5.25095087094896E+015,3.07E+039,0.0046889755
6009.7917784981,2929.0062368002,3.06,2921.1758219929,,4.6928E+036,5.22116735168309E+015,3.06E+039,0.0046802416
5980.6072945913,2912.3394759457,3.05,2915.7202526351,,4.6661E+036,5.19145763425795E+015,3.05E+039,0.0046715008
5951.4773879322,2895.7141317996,3.04,2910.2603683329,,4.6394E+036,5.16182174513777E+015,3.04E+039,0.0046627531
5922.4021017863,2879.1302192967,3.03,2904.7961455719,,4.6129E+036,5.13225971094494E+015,3.03E+039,0.0046539984
5893.3814796562,2862.5877534544,3.02,2899.3275606327,,4.5864E+036,5.10277155844906E+015,3.02E+039,0.0046452368
5864.4155652852,2846.0867493746,3.01,2893.854589588,,4.5599E+036,5.07335731457037E+015,3.01E+039,0.0046364681
5835.50440266,2829.6272222437,3,2888.3772083012,,4.5336E+036,5.04401700637974E+015,3E+039,0.0046276924
5806.648036002,2813.2091873308,2.99,2882.895392419,,4.5073E+036,5.01475066109545E+015,2.99E+039,0.0046189096
5777.846509778,2796.8326599904,2.98,2877.4091173719,,4.4810E+036,4.98555830608802E+015,2.98E+039,0.0046101196
5749.0998687042,2780.4976556642,2.97,2871.9183583732,,4.4549E+036,4.95643996888341E+015,2.97E+039,0.0046013224
5720.4081577475,2764.2041898815,2.96,2866.4230904152,,4.4287E+036,4.92739567716373E+015,2.96E+039,0.004592518
5691.7714221143,2747.9522782558,2.95,2860.9232882611,,4.4027E+036,4.89842545876118E+015,2.95E+039,0.0045837063
5663.1897072765,2731.7419364927,2.94,2855.4189264521,,4.3767E+036,4.86952934167213E+015,2.94E+039,0.0045748874
5634.663058967,2715.5731803895,2.93,2849.9099793026,,4.3508E+036,4.84070735405643E+015,2.93E+039,0.0045660611
5606.1915231658,2699.4460258296,2.92,2844.3964208888,,4.3250E+036,4.8119595242274E+015,2.92E+039,0.0045572274
5577.7751461141,2683.3604887882,2.91,2838.8782250523,,4.2992E+036,4.783285880662E+015,2.91E+039,0.0045483862
5549.4139743199,2667.3165853336,2.9,2833.3553653978,,4.2735E+036,4.75468645200314E+015,2.9E+039,0.0045395376
5521.108054554,2651.3143316258,2.89,2827.8278152871,,4.2479E+036,4.72616126705721E+015,2.89E+039,0.0045306815
5492.8574338418,2635.3537439145,2.88,2822.295547832,,4.2223E+036,4.69771035479048E+015,2.88E+039,0.0045218179
5464.6621595148,2619.4348385555,2.87,2816.758535913,,4.1968E+036,4.66933374435836E+015,2.87E+039,0.0045129466
5436.5222791447,2603.5576319895,2.86,2811.2167521448,,4.1714E+036,4.64103146506759E+015,2.86E+039,0.0045040677
5408.4378405817,2587.7221407544,2.85,2805.6701688898,,4.1460E+036,4.61280354639818E+015,2.85E+039,0.0044951811
5380.4088919654,2571.9283814893,2.84,2800.1187582587,,4.1207E+036,4.58465001801056E+015,2.84E+039,0.0044862867
5352.4354817214,2556.1763709331,2.83,2794.5624921041,,4.0954E+036,4.55657090974302E+015,2.83E+039,0.0044773846
5324.5176585182,2540.4661259108,2.82,2789.0013419961,,4.0703E+036,4.52856625158737E+015,2.82E+039,0.0044684746
5296.6554713661,2524.7976633656,2.81,2783.4352792639,,4.0452E+036,4.50063607374608E+015,2.81E+039,0.0044595568
5268.8489695184,2509.1710003268,2.8,2777.8642749447,,4.0201E+036,4.47278040657513E+015,2.8E+039,0.0044506311
5241.0982025434,2493.5861539337,2.79,2772.2882998126,,3.9952E+036,4.44499928062658E+015,2.79E+039,0.0044416974
5213.403220311,2478.0431414306,2.78,2766.7073243675,,3.9703E+036,4.41729272663964E+015,2.78E+039,0.0044327557
5185.764072942,2462.5419801511,2.77,2761.1213188062,,3.9454E+036,4.38966077551272E+015,2.77E+039,0.0044238059
5158.1808109207,2447.0826875544,2.76,2755.5302530707,,3.9207E+036,4.36210345836812E+015,2.76E+039,0.004414848
5130.6534849772,2431.6652811871,2.75,2749.934096787,,3.8960E+036,4.33462080648394E+015,2.75E+039,0.004405882
5103.1821461768,2416.2897787126,2.74,2744.3328193027,,3.8713E+036,4.30721285134648E+015,2.74E+039,0.0043969077
5075.7668458824,2400.9561978989,2.73,2738.7263896635,,3.8468E+036,4.27987962462848E+015,2.73E+039,0.0043879253
5048.4076357825,2385.6645566274,2.72,2733.1147766213,,3.8223E+036,4.25262115820485E+015,2.72E+039,0.0043789345
5021.1045678589,2370.4148728832,2.71,2727.4979486133,,3.7978E+036,4.22543748413535E+015,2.71E+039,0.0043699353
4993.8576944283,2355.2071647678,2.7,2721.8758737763,,3.7735E+036,4.19832863468722E+015,2.7E+039,0.0043609277
4966.6670680997,2340.0414504863,2.69,2716.2485199204,,3.7492E+036,4.17129464231238E+015,2.69E+039,0.0043519117
4939.5327418594,2324.9177483744,2.68,2710.6158545648,,3.7249E+036,4.14433553969555E+015,2.68E+039,0.0043428872
4912.4547689549,2309.8360768612,2.67,2704.9778448749,,3.7008E+036,4.11745135968795E+015,2.67E+039,0.0043338541
4885.4332030124,2294.7964545073,2.66,2699.3344577142,,3.6767E+036,4.0906421353752E+015,2.66E+039,0.0043248124
4858.468097969,2279.7988999826,2.65,2693.6856596044,,3.6526E+036,4.06390790003775E+015,2.65E+039,0.004315762
4831.5595081013,2264.8434320763,2.64,2688.031416734,,3.6287E+036,4.03724868716874E+015,2.64E+039,0.0043067029
4804.7074880312,2249.9300696984,2.63,2682.3716949542,,3.6048E+036,4.01066453047662E+015,2.63E+039,0.004297635
4777.9120927124,2235.0588318755,2.62,2676.7064597664,,3.5810E+036,3.98415546387768E+015,2.62E+039,0.0042885583
4751.1733774626,2220.2297377614,2.61,2671.0356763311,,3.5572E+036,3.95772152151498E+015,2.61E+039,0.0042794727
4724.4913979325,2205.4428066275,2.6,2665.3593094461,,3.5335E+036,3.93136273774118E+015,2.6E+039,0.0042703782
4697.8662101398,2190.698057873,2.59,2659.6773235571,,3.5099E+036,3.90507914713679E+015,2.59E+039,0.0042612746
4671.2978704532,2175.995511021,2.58,2653.989682742,,3.4863E+036,3.87887078450315E+015,2.58E+039,0.004252162
4644.786435599,2161.3351857199,2.57,2648.2963507077,,3.4628E+036,3.85273768486497E+015,2.57E+039,0.0042430403
4618.331962669,2146.7171017462,2.56,2642.5972907872,,3.4394E+036,3.8266798834753E+015,2.56E+039,0.0042339094
4591.9345091405,2132.1412790116,2.55,2636.892465942,,3.4161E+036,3.8006974158282E+015,2.55E+039,0.0042247693
4565.5941328405,2117.6077375509,2.54,2631.1818387368,,3.3928E+036,3.77479031763716E+015,2.54E+039,0.0042156198
4539.310891978,2103.1164975328,2.53,2625.4653713481,,3.3696E+036,3.74895862485437E+015,2.53E+039,0.004206461
4513.0848451503,2088.6675792623,2.52,2619.7430255606,,3.3464E+036,3.72320237367497E+015,2.52E+039,0.0041972928
4486.9160513337,2074.2610031775,2.51,2614.0147627534,,3.3233E+036,3.69752160053135E+015,2.51E+039,0.0041881151
4460.8045699004,2059.8967898554,2.5,2608.2805439023,,3.3003E+036,3.67191634210353E+015,2.5E+039,0.0041789279
4434.7504605973,2045.5749600048,2.49,2602.5403295591,,3.2774E+036,3.64638663530646E+015,2.49E+039,0.004169731
4408.7537835782,2031.2955344775,2.48,2596.7940798612,,3.2545E+036,3.62093251730998E+015,2.48E+039,0.0041605245
4382.8145993986,2017.0585342662,2.47,2591.0417545202,,3.2317E+036,3.59555402553512E+015,2.47E+039,0.0041513083
4356.9329690285,2002.8639805089,2.46,2585.2833128201,,3.2089E+036,3.57025119766191E+015,2.46E+039,0.0041420822
4331.1089538209,1988.711894479,2.45,2579.5187135918,,3.1863E+036,3.54502407161173E+015,2.45E+039,0.0041328463
4305.3426155743,1974.6022976055,2.44,2573.7479152376,,3.1637E+036,3.51987268558334E+015,2.44E+039,0.0041236005
4279.6340164849,1960.5352114577,2.43,2567.9708756965,,3.1411E+036,3.49479707802559E+015,2.43E+039,0.0041143446
4253.9832191697,1946.510657753,2.42,2562.1875524474,,3.1187E+036,3.46979728765133E+015,2.42E+039,0.0041050787
4228.3902866853,1932.5286583629,2.41,2556.3979025096,,3.0963E+036,3.4448733534481E+015,2.41E+039,0.0040958027
4202.8552825235,1918.5892353118,2.4,2550.6018824314,,3.0739E+036,3.42002531467601E+015,2.4E+039,0.0040865164
4177.3782705774,1904.6924107661,2.39,2544.7994482609,,3.0517E+036,3.39525321084828E+015,2.39E+039,0.0040772199
4151.9593152465,1890.8382070686,2.38,2538.9905555946,,3.0295E+036,3.37055708179259E+015,2.38E+039,0.004067913
4126.5984813178,1877.0266467,2.37,2533.1751595012,,3.0073E+036,3.34593696758241E+015,2.37E+039,0.0040585957
4101.2958340548,1863.2577523079,2.36,2527.3532145605,,2.9853E+036,3.32139290858876E+015,2.36E+039,0.0040492679
4076.0514391808,1849.5315467015,2.35,2521.5246748435,,2.9633E+036,3.29692494547069E+015,2.35E+039,0.0040399296
4050.8653628706,1835.8480528491,2.34,2515.6894938973,,2.9414E+036,3.27253311917087E+015,2.34E+039,0.0040305806
4025.7376717715,1822.2072938851,2.33,2509.8476247453,,2.9195E+036,3.24821747092807E+015,2.33E+039,0.0040212209
4000.668433005,1808.6092931109,2.32,2503.9990198776,,2.8977E+036,3.22397804227872E+015,2.32E+039,0.0040118504
3975.6577141603,1795.0540739926,2.31,2498.143631235,,2.8760E+036,3.19981487505287E+015,2.31E+039,0.004002469
3950.7055833324,1781.5416601736,2.3,2492.28141022,,2.8543E+036,3.17572801139659E+015,2.3E+039,0.0039930767
3925.8121090883,1768.0720754642,2.29,2486.4123076648,,2.8328E+036,3.15171749375348E+015,2.29E+039,0.0039836734
3900.9773604688,1754.6453438417,2.28,2480.5362738204,,2.8113E+036,3.12778336486484E+015,2.28E+039,0.0039742589
3876.2014070617,1741.2614894752,2.27,2474.6532583863,,2.7898E+036,3.10392566781385E+015,2.27E+039,0.0039648333
3851.4843189316,1727.920536702,2.26,2468.7632104574,,2.7684E+036,3.08014444598351E+015,2.26E+039,0.0039553964
3826.8261666588,1714.6225100413,2.25,2462.8660785334,,2.7471E+036,3.0564397430811E+015,2.25E+039,0.0039459481
3802.2270213401,1701.367434194,2.24,2456.9618105063,,2.7259E+036,3.03281160313777E+015,2.24E+039,0.0039364884
3777.6869546019,1688.1553340476,2.23,2451.0503536545,,2.7047E+036,3.00926007051731E+015,2.23E+039,0.0039270172
3753.2060385948,1674.9862346743,2.22,2445.1316546257,,2.6836E+036,2.98578518991273E+015,2.22E+039,0.0039175344
3728.7843460199,1661.86016134,2.21,2439.2056594389,,2.6626E+036,2.96238700636235E+015,2.21E+039,0.0039080399
3704.4219501104,1648.7771394985,2.2,2433.2723134586,,2.6416E+036,2.93906556523944E+015,2.2E+039,0.0038985337
3680.1189246424,1635.7371947948,2.19,2427.3315613869,,2.6207E+036,2.91582091225806E+015,2.19E+039,0.0038890155
3655.8753439637,1622.7403530755,2.18,2421.3833472657,,2.5999E+036,2.89265309349167E+015,2.18E+039,0.0038794854
3631.6912829629,1609.786640378,2.17,2415.4276144428,,2.5792E+036,2.86956215535384E+015,2.17E+039,0.0038699433
3607.5668171354,1596.8760829529,2.16,2409.4643055964,,2.5585E+036,2.84654814463818E+015,2.16E+039,0.003860389
3583.5020225153,1584.0087072416,2.15,2403.4933626776,,2.5379E+036,2.82361110847841E+015,2.15E+039,0.0038508225
3559.4969757366,1571.1845398971,2.14,2397.5147269316,,2.5173E+036,2.80075109438545E+015,2.14E+039,0.0038412437
3535.5517540272,1558.4036077812,2.13,2391.5283388772,,2.4968E+036,2.77796815024241E+015,2.13E+039,0.0038316524
3511.6664352161,1545.6659379681,2.12,2385.5341382945,,2.4764E+036,2.75526232431105E+015,2.12E+039,0.0038220486
3487.8410977304,1532.9715577432,2.11,2379.5320642055,,2.4561E+036,2.73263366522956E+015,2.11E+039,0.0038124323
3464.0758206023,1520.3204946054,2.1,2373.5220548608,,2.4358E+036,2.71008222201675E+015,2.1E+039,0.0038028032
3440.3706835123,1507.7127762821,2.09,2367.5040477485,,2.4156E+036,2.68760804409873E+015,2.09E+039,0.0037931612
3416.7257667454,1495.1484307142,2.08,2361.4779795479,,2.3955E+036,2.6652111812822E+015,2.08E+039,0.0037835064
3393.1411512388,1482.627486073,2.07,2355.443786141,,2.3754E+036,2.64289168378455E+015,2.07E+039,0.0037738386
3369.6169185558,1470.149970751,2.06,2349.4014025761,,2.3554E+036,2.62064960221748E+015,2.06E+039,0.0037641576
3346.1531509381,1457.7159133798,2.05,2343.3507630819,,2.3355E+036,2.59848498761892E+015,2.05E+039,0.0037544634
3322.7499312724,1445.325342819,2.04,2337.2918010252,,2.3157E+036,2.5763978914332E+015,2.04E+039,0.0037447559
3299.4073431314,1432.9782881704,2.03,2331.2244489171,,2.2959E+036,2.55438836553641E+015,2.03E+039,0.0037350349
3276.1254707329,1420.6747787644,2.02,2325.148638365,,2.2762E+036,2.53245646221213E+015,2.02E+039,0.0037253004
3252.9043990301,1408.4148441901,2.01,2319.0643001096,,2.2565E+036,2.51060223420508E+015,2.01E+039,0.0037155522
3229.7442136376,1396.1985142713,2,2312.9713639544,,2.2370E+036,2.48882573467836E+015,2E+039,0.0037057902
3206.6450008944,1384.0258190871,1.99,2306.8697587847,,2.2175E+036,2.46712701725017E+015,1.99E+039,0.0036960144
3183.6068478534,1371.8967889694,1.98,2300.7594125368,,2.1980E+036,2.44550613598933E+015,1.98E+039,0.0036862245
3160.6298422832,1359.8114545031,1.97,2294.6402521758,,2.1787E+036,2.42396314541566E+015,1.97E+039,0.0036764205
3137.7140726921,1347.7698465346,1.96,2288.5122036871,,2.1594E+036,2.40249810051511E+015,1.96E+039,0.0036666023
3114.8596283489,1335.7719961789,1.95,2282.3751920655,,2.1401E+036,2.38111105675245E+015,1.95E+039,0.0036567697
3092.0665992525,1323.8179348097,1.94,2276.2291412692,,2.1210E+036,2.35980207005358E+015,1.94E+039,0.0036469227
3069.3350761735,1311.9076940739,1.93,2270.0739742215,,2.1019E+036,2.33857119683141E+015,1.93E+039,0.003637061
3046.66515068,1300.0413058996,1.92,2263.9096128019,,2.0829E+036,2.31741849400011E+015,1.92E+039,0.0036271846
3024.0569151105,1288.2188024882,1.91,2257.7359778004,,2.0640E+036,2.29634401896103E+015,1.91E+039,0.0036172933
3001.5104625862,1276.4402163183,1.9,2251.5529888971,,2.0451E+036,2.27534782960963E+015,1.9E+039,0.0036073871
2979.0258870618,1264.7055801632,1.89,2245.3605646693,,2.0263E+036,2.25442998436673E+015,1.89E+039,0.0035974657
2956.6032833013,1253.0149270826,1.88,2239.1586225446,,2.0076E+036,2.23359054216364E+015,1.88E+039,0.0035875291
2934.2427469033,1241.3682904319,1.87,2232.9470787889,,1.9889E+036,2.2128295624588E+015,1.87E+039,0.0035775771
2911.9443743077,1229.7657038644,1.86,2226.7258484796,,1.9703E+036,2.19214710524168E+015,1.86E+039,0.0035676096
2889.7082628041,1218.2072013345,1.85,2220.4948454803,,1.9518E+036,2.17154323103847E+015,1.85E+039,0.0035576264
2867.5345105582,1206.6928171068,1.84,2214.2539824266,,1.9333E+036,2.15101800092831E+015,1.84E+039,0.0035476275
2845.4232166211,1195.2225857594,1.83,2208.0031706997,,1.9150E+036,2.1305714765492E+015,1.83E+039,0.0035376126
2823.3744809158,1183.7965421799,1.82,2201.7423203822,,1.8967E+036,2.11020372009083E+015,1.82E+039,0.0035275816
2801.3884042933,1172.4147215843,1.81,2195.4713402639,,1.8784E+036,2.08991479432829E+015,1.81E+039,0.0035175343
2779.4650884947,1161.0771595048,1.8,2189.1901377775,,1.8603E+036,2.06970476260032E+015,1.8E+039,0.0035074707
2757.6046362436,1149.7838918207,1.79,2182.8986190304,,1.8422E+036,2.04957368886438E+015,1.79E+039,0.0034973906
2735.8071511443,1138.5349547254,1.78,2176.5966886908,,1.8241E+036,2.02952163763786E+015,1.78E+039,0.0034872938
2714.0727378202,1127.3303847718,1.77,2170.284250052,,1.8062E+036,2.00954867407897E+015,1.77E+039,0.0034771802
2692.4015018306,1116.1702188463,1.76,2163.96120493,,1.7883E+036,1.9896548639404E+015,1.76E+039,0.0034670495
2670.7935497456,1105.0544941931,1.75,2157.6274536793,,1.7705E+036,1.96984027361266E+015,1.75E+039,0.0034569017
2649.2489891279,1093.9832484088,1.74,2151.282895136,,1.7528E+036,1.95010497011443E+015,1.74E+039,0.0034467366
2627.7679285611,1082.9565194527,1.73,2144.9274265975,,1.7351E+036,1.93044902111094E+015,1.73E+039,0.003436554
2606.3504776539,1071.9743456478,1.72,2138.56094378,,1.7175E+036,1.91087249491573E+015,1.72E+039,0.0034263538
2584.9967471015,1061.0367657021,1.71,2132.1833408208,,1.7000E+036,1.89137546052864E+015,1.71E+039,0.0034161357
2563.7068486203,1050.1438186875,1.7,2125.7945101811,,1.6825E+036,1.87195798759817E+015,1.7E+039,0.0034058997
2542.4808950476,1039.2955440729,1.69,2119.3943426748,,1.6651E+036,1.85262014648052E+015,1.69E+039,0.0033956455
2521.3190002981,1028.4919817105,1.68,2112.9827273861,,1.6478E+036,1.83336200821515E+015,1.68E+039,0.003385373
2500.2212794065,1017.7331718506,1.67,2106.5595516509,,1.6306E+036,1.81418364455115E+015,1.67E+039,0.0033750819
2479.1878485578,1007.0191551516,1.66,2100.1247010298,,1.6134E+036,1.79508512796509E+015,1.66E+039,0.0033647721
2458.2188250792,996.3499726784,1.65,2093.678059247,,1.5963E+036,1.77606653165814E+015,1.65E+039,0.0033544435
2437.3143274588,985.7256659086,1.64,2087.2195081508,,1.5793E+036,1.75712792956717E+015,1.64E+039,0.0033440957
2416.4744753955,975.1462767502,1.63,2080.7489276968,,1.5624E+036,1.73826939639623E+015,1.63E+039,0.0033337287
2395.699389811,964.6118475452,1.62,2074.2661958989,,1.5455E+036,1.71949100762303E+015,1.62E+039,0.0033233422
2374.9891928081,954.1224210575,1.61,2067.7711887364,,1.5287E+036,1.70079283947734E+015,1.61E+039,0.0033129361
2354.3440077838,943.6780405099,1.6,2061.2637801835,,1.5119E+036,1.68217496900696E+015,1.6E+039,0.00330251
2333.7639593876,933.2787495716,1.59,2054.7438421127,,1.4953E+036,1.66363747405542E+015,1.59E+039,0.0032920639
2313.2491735575,922.9245923704,1.58,2048.2112442582,,1.4787E+036,1.64518043328375E+015,1.58E+039,0.0032815976
2292.7997775702,912.6156135097,1.57,2041.665854191,,1.4622E+036,1.62680392620076E+015,1.57E+039,0.0032711107
2272.4159000035,902.3518580575,1.56,2035.1075372185,,1.4457E+036,1.60850803314345E+015,1.56E+039,0.0032606031
2252.0976708132,892.1333715717,1.55,2028.5361563773,,1.4294E+036,1.59029283532211E+015,1.55E+039,0.0032500746
2231.8452213314,881.9602001006,1.54,2021.9515723584,,1.4131E+036,1.57215841482118E+015,1.54E+039,0.0032395249
2211.6586843044,871.832390196,1.53,2015.3536434644,,1.3968E+036,1.55410485462264E+015,1.53E+039,0.0032289539
2191.5381938844,861.7499889115,1.52,2008.7422255236,,1.3807E+036,1.53613223860298E+015,1.52E+039,0.0032183612
2171.4838857162,851.7130438315,1.51,2002.1171718859,,1.3646E+036,1.51824065158486E+015,1.51E+039,0.0032077467
2151.4958968742,841.7216030512,1.5,1995.4783332836,,1.3486E+036,1.50043017930148E+015,1.5E+039,0.0031971101
2131.574365984,831.7757152179,1.49,1988.8255578536,,1.3327E+036,1.48270090847021E+015,1.49E+039,0.0031864512
2111.7194331788,821.8754295171,1.48,1982.1586910107,,1.3168E+036,1.46505292676778E+015,1.48E+039,0.0031757697
2091.9312401583,812.0207956927,1.47,1975.4775754089,,1.3010E+036,1.44748632286632E+015,1.47E+039,0.0031650653
2072.2099302026,802.211864053,1.46,1968.78205086,,1.2853E+036,1.43000118644407E+015,1.46E+039,0.0031543379
2052.555648225,792.4486854883,1.45,1962.0719542851,,1.2696E+036,1.41259760821668E+015,1.45E+039,0.0031435871
2032.9685407644,782.7313114699,1.44,1955.3471196071,,1.2541E+036,1.3952756799355E+015,1.44E+039,0.0031328128
2013.4487560536,773.0597940731,1.43,1948.607377711,,1.2386E+036,1.37803549442857E+015,1.43E+039,0.0031220145
1993.9964440132,763.4341859767,1.42,1941.8525563309,,1.2232E+036,1.36087714559968E+015,1.42E+039,0.0031111921
1974.6117563242,753.8545404873,1.41,1935.0824800081,,1.2078E+036,1.34380072847173E+015,1.41E+039,0.0031003452
1955.2948464158,744.3209115371,1.4,1928.2969699663,,1.1925E+036,1.32680633918282E+015,1.4E+039,0.0030894736
1936.0458695375,734.8333537078,1.39,1921.4958440613,,1.1773E+036,1.30989407502879E+015,1.39E+039,0.003078577
1916.8649827813,725.3919222398,1.38,1914.6789166819,,1.1622E+036,1.29306403447971E+015,1.38E+039,0.0030676551
1897.7523450923,715.9966730365,1.37,1907.8459986342,,1.1472E+036,1.27631631718745E+015,1.37E+039,0.0030567076
1878.7081173436,706.6476626901,1.36,1900.9968970836,,1.1322E+036,1.25965102403174E+015,1.36E+039,0.0030457341
1859.7324623542,697.3449484888,1.35,1894.1314154393,,1.1173E+036,1.24306825713298E+015,1.35E+039,0.0030347344
1840.8255449144,688.0885884266,1.34,1887.2493532395,,1.1024E+036,1.22656811986971E+015,1.34E+039,0.0030237081
1821.9875318622,678.8786412291,1.33,1880.3505060837,,1.0877E+036,1.21015071692459E+015,1.33E+039,0.0030126549
1803.2185920739,669.7151663525,1.32,1873.4346654746,,1.0730E+036,1.19381615428264E+015,1.32E+039,0.0030015745
1784.5188965488,660.5982240125,1.31,1866.501618749,,1.0584E+036,1.17756453928274E+015,1.31E+039,0.0029904665
1765.8886184308,651.5278751925,1.3,1859.551148941,,1.0439E+036,1.16139598063225E+015,1.3E+039,0.0029793306
1747.3279330525,642.5041816603,1.29,1852.5830346611,,1.0294E+036,1.14531058843678E+015,1.29E+039,0.0029681665
1728.8370179821,633.5272059843,1.28,1845.5970499737,,1.0150E+036,1.12930847422906E+015,1.28E+039,0.0029569737
1710.4160530823,624.5970115549,1.27,1838.5929642813,,1.0007E+036,1.11338975100712E+015,1.27E+039,0.0029457519
1692.0652205249,615.7136625909,1.26,1831.5705421554,,9.8648E+035,1.09755453324565E+015,1.26E+039,0.0029345007
1673.7847048755,606.8772241685,1.25,1824.5295432351,,9.7232E+035,1.08180293694772E+015,1.25E+039,0.0029232198
1655.5746931285,598.0877622352,1.24,1817.4697220675,,9.5824E+035,1.06613507966956E+015,1.24E+039,0.0029119087
1637.4353747558,589.3453436271,1.23,1810.3908279536,,9.4424E+035,1.05055108055141E+015,1.23E+039,0.0029005671
1619.3669417612,580.6500360889,1.22,1803.2926047952,,9.3030E+035,1.03505106035313E+015,1.22E+039,0.0028891945
1601.3695887333,572.0019082931,1.21,1796.1747909309,,9.1645E+035,1.01963514148846E+015,1.21E+039,0.0028777905
1583.44351292,563.4010298661,1.2,1789.0371189884,,9.0267E+035,1.00430344807155E+015,1.2E+039,0.0028663547
1565.5889142559,554.8474713998,1.19,1781.8793156771,,8.8896E+035,989056105937602,1.19E+039,0.0028548866
1547.8059954557,546.341304484,1.18,1774.7011016438,,8.7534E+035,973893242700663,1.18E+039,0.0028433858
1530.0949620445,537.8826017187,1.17,1767.5021912506,,8.6178E+035,958814987775531,1.17E+039,0.0028318519
1512.4560224386,529.4714367428,1.16,1760.2822923977,,8.4831E+035,943821472428918,1.16E+039,0.0028202843
1494.8893880205,521.1078842607,1.15,1753.0411063315,,8.3491E+035,928912829826868,1.15E+039,0.0028086827
1477.3952731714,512.7920200564,1.14,1745.7783273928,,8.2158E+035,914089195059892,1.14E+039,0.0027970464
1459.9738953861,504.5239210325,1.13,1738.4936428483,,8.0834E+035,899350705212486,1.13E+039,0.0027853751
1442.6254753147,496.3036652271,1.12,1731.1867326266,,7.9517E+035,884697499393257,1.12E+039,0.0027736681
1425.3502368433,488.1313318432,1.11,1723.857269087,,7.8207E+035,870129718787333,1.11E+039,0.002761925
1408.1484071818,480.0070012796,1.1,1716.504916783,,7.6906E+035,855647506711441,1.1E+039,0.0027501452
1391.0202169261,471.9307551547,1.09,1709.1293321842,,7.5612E+035,841251008656336,1.09E+039,0.0027383282
1373.9659001517,463.9026763402,1.08,1701.7301634185,,7.4325E+035,826940372346870,1.08E+039,0.0027264734
1356.9856944894,455.9228489888,1.07,1694.3070499796,,7.3047E+035,812715747791371,1.07E+039,0.0027145803
1340.079841232,447.9913585724,1.06,1686.859622457,,7.1776E+035,798577287349738,1.06E+039,0.0027026482
1323.2485854084,440.10829191,1.05,1679.387502208,,7.0513E+035,784525145783175,1.05E+039,0.0026906765
1306.4921758714,432.2737371997,1.04,1671.8903010299,,6.9258E+035,770559480311229,1.04E+039,0.0026786647
1289.810865419,424.4877840623,1.03,1664.3676208557,,6.8010E+035,756680450689518,1.03E+039,0.002666612
1273.2049108735,416.7505235709,1.02,1656.8190533769,,6.6771E+035,742888219262487,1.02E+039,0.0026545179
1256.6745731952,409.0620482919,1.01,1649.2441796902,,6.5539E+035,729182951036499,1.01E+039,0.0026423816
1240.2201175871,401.4224523236,1,1641.6425699107,,6.4315E+035,715564813748641,1E+039,0.0026302025
1223.8418135938,393.8318313329,0.99,1634.0137827543,,6.3099E+035,702033977932143,9.9E+038,0.0026179798
1207.5399352675,386.2902826135,0.98,1626.3573651847,,6.1891E+035,688590617020124,9.8E+038,0.0026057129
1191.3147612095,378.797905105,0.97,1618.6728518705,,6.0690E+035,675234907379642,9.7E+038,0.0025934009
1175.1665747655,371.3547994607,0.96,1610.9597648189,,5.9498E+035,661967028432548,9.6E+038,0.0025810432
1159.0956641194,363.9610680839,0.95,1603.2176128456,,5.8313E+035,648787162720198,9.5E+038,0.0025686389
1143.1023224295,356.6168151777,0.94,1595.4458910715,,5.7136E+035,635695495992221,9.4E+038,0.0025561872
1127.1868479848,349.3221468008,0.93,1587.6440804146,,5.5968E+035,622692217305989,9.3E+038,0.0025436873
1111.3495443206,342.0771709121,0.92,1579.811646992,,5.4807E+035,609777519106119,9.2E+038,0.0025311384
1095.5907204062,334.881997437,0.91,1571.948041586,,5.3654E+035,596951597342658,9.1E+038,0.0025185395
1079.9106907707,327.7367383155,0.9,1564.0526989847,,5.2509E+035,584214651556824,9E+038,0.0025058897
1064.309775687,320.6415075682,0.89,1556.1250373655,,5.1372E+035,571566884998659,8.9E+038,0.0024931882
1048.7883013223,313.5964213526,0.88,1548.1644575851,,5.0244E+035,559008504727380,8.8E+038,0.002480434
1033.3465999275,306.6015980319,0.87,1540.1703424821,,4.9123E+035,546539721734030,8.7E+038,0.002467626
1017.9850100264,299.6571582443,0.86,1532.1420561287,,4.8010E+035,534160751065003,8.6E+038,0.0024547632
1002.7038765919,292.7632249681,0.85,1524.0789430117,,4.6906E+035,521871811938093,8.5E+038,0.0024418447
987.5035512481,285.9199235962,0.84,1515.9803271956,,4.5809E+035,509673127875295,8.4E+038,0.0024288693
972.3843924972,279.1273820182,0.83,1507.8455114643,,4.4721E+035,497564926849152,8.3E+038,0.0024158359
957.3467659208,272.3857306952,0.82,1499.673776361,,4.3641E+035,485547441416095,8.2E+038,0.0024027433
942.3910443957,265.6951027397,0.81,1491.4643791795,,4.2569E+035,473620908858869,8.1E+038,0.0023895904
927.5176083719,259.0556340158,0.8,1483.2165529846,,4.1505E+035,461785571365147,8E+038,0.0023763759
912.7268460698,252.4674632142,0.79,1474.9295054228,,4.0450E+035,450041676161221,7.9E+038,0.0023630986
898.0191537811,245.9307319607,0.78,1466.6024176177,,3.9402E+035,438389475705416,7.8E+038,0.0023497571
883.394936117,239.4455849089,0.77,1458.2344428909,,3.8363E+035,426829227853328,7.7E+038,0.0023363501
868.8546063024,233.0121698478,0.76,1449.8247054608,,3.7333E+035,415361196049634,7.6E+038,0.0023228762
854.3985864713,226.6306378105,0.75,1441.3722990424,,3.6310E+035,403985649521857,7.5E+038,0.002309334
840.0273079797,220.3011431898,0.74,1432.8762853642,,3.5296E+035,392702863486428,7.4E+038,0.0022957219
825.7412117351,214.0238438592,0.73,1424.335692595,,3.4290E+035,381513119364382,7.3E+038,0.0022820383
811.5407485286,207.7989012958,0.72,1415.749513645,,3.3293E+035,370416705000433,7.2E+038,0.0022682817
797.4263794188,201.6264807207,0.71,1407.1167044218,,3.2304E+035,359413914913248,7.1E+038,0.0022544504
783.3985760881,195.5067512316,0.7,1398.4361818852,,3.1324E+035,348505050531816,7E+038,0.0022405427
769.4578212575,189.4398859547,0.69,1389.7068220467,,3.0352E+035,337690420466223,6.9E+038,0.0022265567
755.6046091032,183.4260621989,0.68,1380.9274577972,,2.9388E+035,326970340782520,6.8E+038,0.0022124906
741.8394456909,177.4654616161,0.67,1372.0968765777,,2.8433E+035,316345135288477,6.7E+038,0.0021983425
728.1628494549,171.5582703776,0.66,1363.213817928,,2.7487E+035,305815135848018,6.6E+038,0.0021841102
714.5753516883,165.704679355,0.65,1354.2769708358,,2.6549E+035,295380682703701,6.5E+038,0.0021697918
701.0774970505,159.904884308,0.64,1345.2849708727,,2.5620E+035,285042124811475,6.4E+038,0.002155385
687.6698441283,154.1590860915,0.63,1336.2363971743,,2.4699E+035,274799820209856,6.3E+038,0.0021408876
674.352966016,148.4674908692,0.62,1327.1297691697,,2.3787E+035,264654136400684,6.2E+038,0.0021262972
661.1274509245,142.8303103396,0.61,1317.9635430559,,2.2884E+035,254605450751983,6.1E+038,0.0021116113
647.9939028336,137.2477619765,0.6,1308.7361080169,,2.1990E+035,244654150926670,6E+038,0.0020968273
634.9529421832,131.7200692843,0.59,1299.4457821482,,2.1104E+035,234800635337649,5.9E+038,0.0020819425
622.005206612,126.2474620712,0.58,1290.0908080744,,2.0227E+035,225045313634804,5.8E+038,0.0020669542
609.1513517227,120.8301767325,0.57,1280.6693481671,,1.9359E+035,215388607210010,5.7E+038,0.0020518594
596.3920519187,115.4684565593,0.56,1271.179479425,,1.8500E+035,205830949747404,5.6E+038,0.0020366549
583.7280012854,110.162552065,0.55,1261.6191879098,,1.7650E+035,196372787805403,5.5E+038,0.0020213376
571.1599145272,104.9127213312,0.54,1251.9863627007,,1.6809E+035,187014581433291,5.4E+038,0.0020059041
558.6885279691,99.7192303788,0.53,1242.2787893358,,1.5977E+035,177756804832735,5.3E+038,0.0019903509
546.314600631,94.5823535651,0.52,1232.4941426847,,1.5154E+035,168599947065641,5.2E+038,0.0019746741
534.0389153659,89.5023740047,0.51,1222.629979158,,1.4340E+035,159544512804445,5.1E+038,0.00195887
521.8622800934,84.4795840261,0.5,1212.6837282389,,1.3535E+035,150591023146029,5E+038,0.0019429343
509.7855291096,79.514285656,0.49,1202.6526831952,,1.2740E+035,141740016475025,4.9E+038,0.0019268628
497.8095245068,74.6067911444,0.48,1192.5339909398,,1.1953E+035,132992049399843,4.8E+038,0.0019106509
485.9351576791,69.7574235218,0.47,1182.3246408529,,1.1176E+035,124347697745922,4.7E+038,0.0018942937
474.163350971,64.9665172083,0.46,1172.0214525637,,1.0409E+035,115807557641494,4.6E+038,0.0018777862
462.495059435,60.234418664,0.45,1161.6210624423,,9.6506E+034,107372246676968,4.5E+038,0.0018611229
450.9312727382,55.5614870934,0.44,1151.1199087081,,8.9019E+034,99042405160576.8,4.4E+038,0.0018442982
439.4730172249,50.9480952076,0.43,1140.5142149595,,8.1628E+034,90818697477054.4,4.3E+038,0.001827306
428.1213581547,46.3946300514,0.42,1129.7999719194,,7.4332E+034,82701813561999.9,4.2E+038,0.0018101399
416.8774021272,41.9014938983,0.41,1118.9729171353,,6.7134E+034,74692470497281.5,4.1E+038,0.001792793
405.7422997279,37.4691052271,0.4,1108.0285123875,,6.0032E+034,66791414251897.3,4E+038,0.0017752581
394.7172484109,33.0978997853,0.39,1096.9619184517,,5.3029E+034,58999421577563.3,3.9E+038,0.0017575275
383.8034956436,28.7883317481,0.38,1085.7679668202,,4.6124E+034,51317302074715.5,3.8E+038,0.0017395928
373.0023423572,24.5408749893,0.37,1074.4411279636,,3.9319E+034,43745900457981.8,3.7E+038,0.0017214452
362.3151467369,20.3560244758,0.36,1062.975475591,,3.2614E+034,36286099041979.9,3.6E+038,0.0017030752
351.7433283817,16.2342977973,0.35,1051.3646462257,,2.6010E+034,28938820468119.6,3.5E+038,0.0016844726
341.2883729021,12.1762368536,0.34,1039.6017933994,,1.9508E+034,21705030712337.6,3.4E+038,0.0016656264
330.9518370074,8.1824097207,0.33,1027.6795355394,,1.3110E+034,14585742411557.5,3.3E+038,0.0016465248
320.7353541478,4.2534127154,0.32,1015.5898964476,,6.8147E+033,7582018543989.57,3.2E+038,0.0016271551
310.640640793,0.3898726909,0.31,1003.3242370447,,6.2465E+032,694976521205.261,3.1E+038,0.0016075033
300.6695034498,-3.4075504051,0.3,990.8731768156,,-5.4595E+033,-6074207251862.62,3E+038,0.0015875545
290.8238465144,-7.1381606716,0.29,978.2265029062,,-1.1437E+034,-12724292280900.5,2.9E+038,0.0015672923
281.1056811166,-10.8012230459,0.28,965.3730645381,,-1.7305E+034,-19253968263006.8,2.8E+038,0.0015466988
271.5171351003,-14.3959596911,0.27,952.300649664,,-2.3065E+034,-25661848647147.3,2.7E+038,0.0015257545
262.0604643392,-17.9215459155,0.26,938.995840091,,-2.8713E+034,-31946463360187.5,2.6E+038,0.0015044378
252.738065637,-21.3771055389,0.25,925.4438403922,,-3.4250E+034,-38106250546984.5,2.5E+038,0.0014827251
243.552491488,-24.7617056134,0.24,911.6282744773,,-3.9673E+034,-44139547159827.8,2.4E+038,0.0014605901
234.5064670671,-28.0743503783,0.23,897.5309421255,,-4.4980E+034,-50044578182607.3,2.3E+038,0.0014380037
225.6029098982,-31.3139743038,0.22,883.1315254293,,-5.0171E+034,-55819444230700.9,2.2E+038,0.0014149333
216.84495276,-34.4794340446,0.21,868.4072319782,,-5.5242E+034,-61462107207679.6,2.1E+038,0.0013913424
208.2359705529,-37.569499078,0.2,853.3323573745,,-6.0193E+034,-66970373617037.3,2E+038,0.0013671897
199.7796120399,-40.5828407469,0.19,837.877743647,,-6.5021E+034,-72341875030538.8,1.9E+038,0.0013424287
191.4798376497,-43.5180193536,0.18,822.0101016448,,-6.9724E+034,-77574045081976.6,1.8E+038,0.0013170059
183.3409649281,-46.3734688468,0.17,805.6911534194,,-7.4299E+034,-82664092170631.2,1.7E+038,0.0012908601
175.367723713,-49.1474785237,0.16,788.8765324329,,-7.8743E+034,-87608966843928.5,1.6E+038,0.0012639201
167.5653238886,-51.8381709888,0.15,771.5143526653,,-8.3054E+034,-92405322507393.1,1.5E+038,0.0012361028
159.9395396377,-54.4434753853,0.14,753.5433160884,,-8.7228E+034,-97049467707665,1.4E+038,0.00120731
152.4968157309,-56.9610946077,0.13,734.8901624867,,-9.1262E+034,-101537307686567,1.3E+038,0.0011774243
145.2444038363,-59.388464806,0.12,715.4661585855,,-9.5151E+034,-105864272194385,1.2E+038,0.0011463036
138.190540712,-61.7227049876,0.11,695.1621429483,,-9.8891E+034,-110025225651579,1.1E+038,0.001113773
131.3446864027,-63.9605539774,0.1,673.8413242536,,-1.0248E+035,-114014354775560,1E+038,0.0010796133
